"TimePeriod","GeoTypeDesc","GeoID","GeoRank","Geography","Age-adjusted rate per 10,000","Estimated annual rate per 10,000","Number"
"2020","Citywide","1","0","New York City","48.4","47.7","33,238"
"2020","Borough","1","1","Bronx","96.3","96.5","10,651"
"2020","Borough","2","1","Brooklyn","48.9","48.0","10,137"
"2020","Borough","3","1","Manhattan","44.7","43.5","6,290"
"2020","Borough","4","1","Queens","26.3","25.4","4,873"
"2020","Borough","5","1","Staten Island","35.1","33.2","1,287"
"2020","UHF 42","101","4","Kingsbridge - Riverdale","25.4","24.7","189"
"2020","UHF 42","102","4","Northeast Bronx","67.0","62.6","1,039"
"2020","UHF 42","103","4","Fordham - Bronx Pk","75.6","76.3","1,550"
"2020","UHF 42","104","4","Pelham - Throgs Neck","65.6","65.3","1,554"
"2020","UHF 42","105","4","Crotona -Tremont","129.3","130.0","2,046"
"2020","UHF 42","106","4","High Bridge - Morrisania","150.5","151.9","2,454"
"2020","UHF 42","107","4","Hunts Point - Mott Haven","149.7","150.0","1,552"
"2020","UHF 42","201","4","Greenpoint","25.0","21.3","247"
"2020","UHF 42","202","4","Downtown - Heights - Slope","35.7","31.8","719"
"2020","UHF 42","203","4","Bedford Stuyvesant - Crown Heights","90.5","89.6","2,485"
"2020","UHF 42","204","4","East New York","94.2","94.3","1,424"
"2020","UHF 42","205","4","Sunset Park","26.4","25.5","245"
"2020","UHF 42","206","4","Borough Park","10.3","10.2","249"
"2020","UHF 42","207","4","East Flatbush - Flatbush","57.1","55.4","1,350"
"2020","UHF 42","208","4","Canarsie - Flatlands","52.4","50.6","850"
"2020","UHF 42","209","4","Bensonhurst - Bay Ridge","10.0","9.9","171"
"2020","UHF 42","210","4","Coney Island - Sheepshead Bay","22.9","21.8","527"
"2020","UHF 42","211","4","Williamsburg - Bushwick","87.6","85.3","1,499"
"2020","UHF 42","301","4","Washington Heights","31.4","31.1","704"
"2020","UHF 42","302","4","Central Harlem - Morningside Heights","127.1","126.3","1,915"
"2020","UHF 42","303","4","East Harlem","148.7","147.5","1,360"
"2020","UHF 42","304","4","Upper West Side","21.2","20.7","404"
"2020","UHF 42","305","4","Upper East Side","11.7","10.4","199"
"2020","UHF 42","306","4","Chelsea - Clinton","32.7","30.9","462"
"2020","UHF 42","307","4","Gramercy Park - Murray Hill","13.2","12.5","161"
"2020","UHF 42","308","4","Greenwich Village - SoHo","10.8","10.8","80"
"2020","UHF 42","309","4","Union Square - Lower East Side","38.0","37.0","633"
"2020","UHF 42","310","4","Lower Manhattan","24.5","20.9","117"
"2020","UHF 42","401","4","Long Island City - Astoria","25.9","24.1","434"
"2020","UHF 42","402","4","West Queens","18.7","18.5","698"
"2020","UHF 42","403","4","Flushing - Clearview","10.4","9.3","204"
"2020","UHF 42","404","4","Bayside - Little Neck","4.3","4.2","32"
"2020","UHF 42","405","4","Ridgewood - Forest Hills","18.3","17.4","382"
"2020","UHF 42","406","4","Fresh Meadows","17.7","16.2","131"
"2020","UHF 42","407","4","Southwest Queens","26.2","26.1","586"
"2020","UHF 42","408","4","Jamaica","46.3","45.3","1,191"
"2020","UHF 42","409","4","Southeast Queens","26.8","25.0","451"
"2020","UHF 42","410","4","Rockaways","64.3","60.6","625"
"2020","UHF 42","501","4","Port Richmond","71.4","71.1","380"
"2020","UHF 42","502","4","Stapleton - St. George","53.2","51.4","523"
"2020","UHF 42","503","4","Willowbrook","23.1","20.7","156"
"2020","UHF 42","504","4","South Beach - Tottenville","14.0","13.1","207"
"2020","Community District","101","6","Financial District (CD1)","17.9","14.6","80"
"2020","Community District","102","6","Greenwich Village and Soho (CD2)","9.8","9.7","81"
"2020","Community District","103","6","Lower East Side and Chinatown (CD3)","44.9","43.9","661"
"2020","Community District","104","6","Clinton and Chelsea (CD4)","28.6","26.6","364"
"2020","Community District","105","6","Midtown (CD5)","21.5","20.0","116"
"2020","Community District","106","6","Stuyvesant Town and Turtle Bay (CD6)","11.9","11.3","150"
"2020","Community District","107","6","Upper West Side (CD7)","21.3","20.7","382"
"2020","Community District","108","6","Upper East Side (CD8)","11.2","10.1","198"
"2020","Community District","109","6","Morningside Heights and Hamilton Heights (CD9)","53.7","52.3","480"
"2020","Community District","110","6","Central Harlem (CD10)","166.2","164.8","1,504"
"2020","Community District","111","6","East Harlem (CD11)","155.5","154.2","1,510"
"2020","Community District","112","6","Washington Heights and Inwood (CD12)","32.2","31.9","509"
"2020","Community District","201","6","Mott Haven and Melrose (CD1)","202.4","202.2","1,457"
"2020","Community District","202","6","Hunts Point and Longwood (CD2)","111.5","111.4","460"
"2020","Community District","203","6","Morrisania and Crotona (CD3)","154.0","155.6","1,018"
"2020","Community District","204","6","Highbridge and Concourse (CD4)","114.4","116.4","1,349"
"2020","Community District","205","6","Fordham and University Heights (CD5)","108.7","108.9","1,082"
"2020","Community District","206","6","Belmont and East Tremont (CD6)","151.1","150.5","946"
"2020","Community District","207","6","Kingsbridge Heights and Bedford (CD7)","67.0","67.8","757"
"2020","Community District","208","6","Riverdale and Fieldston (CD8)","25.9","25.4","211"
"2020","Community District","209","6","Parkchester and Soundview (CD9)","77.9","78.1","1,113"
"2020","Community District","210","6","Throgs Neck and Co-op City (CD10)","43.3","40.5","402"
"2020","Community District","211","6","Morris Park and Bronxdale (CD11)","58.7","57.1","520"
"2020","Community District","212","6","Williamsbridge and Baychester (CD12)","90.9","89.1","1,069"
"2020","Community District","301","6","Greenpoint and Williamsburg (CD1)","38.5","33.6","536"
"2020","Community District","302","6","Fort Greene and Brooklyn Heights (CD2)","36.7","32.8","394"
"2020","Community District","303","6","Bedford Stuyvesant (CD3)","108.8","107.8","1,270"
"2020","Community District","304","6","Bushwick (CD4)","77.6","77.1","668"
"2020","Community District","305","6","East New York and Starrett City (CD5)","101.2","100.7","1,346"
"2020","Community District","306","6","Park Slope and Carroll Gardens (CD6)","32.9","27.7","263"
"2020","Community District","307","6","Sunset Park (CD7)","26.7","25.1","267"
"2020","Community District","308","6","Crown Heights and Prospect Heights (CD8)","77.9","75.8","607"
"2020","Community District","309","6","South Crown Heights and Lefferts Gardens (CD9)","57.1","55.6","442"
"2020","Community District","310","6","Bay Ridge and Dyker Heights (CD10)","9.0","8.6","103"
"2020","Community District","311","6","Bensonhurst (CD11)","9.1","8.9","153"
"2020","Community District","312","6","Borough Park (CD12)","7.6","7.4","102"
"2020","Community District","313","6","Coney Island (CD13)","39.9","37.8","349"
"2020","Community District","314","6","Flatbush and Midwood (CD14)","36.6","36.2","468"
"2020","Community District","315","6","Sheepshead Bay (CD15)","11.0","10.4","150"
"2020","Community District","316","6","Brownsville (CD16)","170.5","168.2","1,040"
"2020","Community District","317","6","East Flatbush (CD17)","73.3","69.4","868"
"2020","Community District","318","6","Flatlands and Canarsie (CD18)","49.8","48.6","740"
"2020","Community District","401","6","Long Island City and Astoria (CD1)","26.5","25.4","430"
"2020","Community District","402","6","Woodside and Sunnyside (CD2)","10.2","9.8","128"
"2020","Community District","403","6","Jackson Heights (CD3)","18.4","18.0","258"
"2020","Community District","404","6","Elmhurst and Corona (CD4)","18.9","18.8","283"
"2020","Community District","405","6","Ridgewood and Maspeth (CD5)","22.7","22.1","288"
"2020","Community District","406","6","Rego Park and Forest Hills (CD6)","14.0","12.8","126"
"2020","Community District","407","6","Flushing and Whitestone (CD7)","10.0","8.9","200"
"2020","Community District","408","6","Hillcrest and Fresh Meadows (CD8)","20.8","19.5","248"
"2020","Community District","409","6","Kew Gardens and Woodhaven (CD9)","28.1","28.2","326"
"2020","Community District","410","6","South Ozone Park and Howard Beach (CD10)","26.5","26.1","261"
"2020","Community District","411","6","Bayside and Little Neck (CD11)","4.4","4.2","42"
"2020","Community District","412","6","Jamaica and Hollis (CD12)","58.7","57.5","1,071"
"2020","Community District","413","6","Queens Village (CD13)","30.0","28.0","447"
"2020","Community District","414","6","Rockaway and Broad Channel (CD14)","76.6","72.2","625"
"2020","Community District","501","6","St. George and Stapleton (CD1)","58.9","57.4","834"
"2020","Community District","502","6","South Beach and Willowbrook (CD2)","26.0","24.8","283"
"2020","Community District","503","6","Tottenville and Great Kills (CD3)","12.9","11.7","149"
"2019","Citywide","1","0","New York City","78.3","77.1","54,166"
"2019","Borough","1","1","Bronx","151.0","151.3","17,137"
"2019","Borough","2","1","Brooklyn","78.0","76.7","16,114"
"2019","Borough","3","1","Manhattan","73.5","71.1","10,543"
"2019","Borough","4","1","Queens","44.6","43.5","8,306"
"2019","Borough","5","1","Staten Island","55.4","52.3","2,066"
"2019","UHF 42","101","4","Kingsbridge - Riverdale","44.0","42.0","331"
"2019","UHF 42","102","4","Northeast Bronx","123.6","118.2","1,999"
"2019","UHF 42","103","4","Fordham - Bronx Pk","123.8","125.2","2,597"
"2019","UHF 42","104","4","Pelham - Throgs Neck","102.3","101.7","2,463"
"2019","UHF 42","105","4","Crotona -Tremont","189.2","191.5","3,138"
"2019","UHF 42","106","4","High Bridge - Morrisania","219.3","222.3","3,682"
"2019","UHF 42","107","4","Hunts Point - Mott Haven","237.1","237.5","2,534"
"2019","UHF 42","201","4","Greenpoint","43.2","36.6","429"
"2019","UHF 42","202","4","Downtown - Heights - Slope","57.2","51.1","1,131"
"2019","UHF 42","203","4","Bedford Stuyvesant - Crown Heights","134.9","133.0","3,640"
"2019","UHF 42","204","4","East New York","160.1","160.4","2,381"
"2019","UHF 42","205","4","Sunset Park","41.9","40.7","395"
"2019","UHF 42","206","4","Borough Park","21.7","21.6","520"
"2019","UHF 42","207","4","East Flatbush - Flatbush","92.1","90.1","2,206"
"2019","UHF 42","208","4","Canarsie - Flatlands","81.3","78.7","1,340"
"2019","UHF 42","209","4","Bensonhurst - Bay Ridge","21.0","20.8","357"
"2019","UHF 42","210","4","Coney Island - Sheepshead Bay","43.2","40.3","977"
"2019","UHF 42","211","4","Williamsburg - Bushwick","138.3","133.4","2,322"
"2019","UHF 42","301","4","Washington Heights","55.6","55.3","1,279"
"2019","UHF 42","302","4","Central Harlem - Morningside Heights","211.0","209.3","3,235"
"2019","UHF 42","303","4","East Harlem","234.4","230.9","2,176"
"2019","UHF 42","304","4","Upper West Side","41.3","38.9","762"
"2019","UHF 42","305","4","Upper East Side","19.4","16.4","316"
"2019","UHF 42","306","4","Chelsea - Clinton","43.2","41.1","650"
"2019","UHF 42","307","4","Gramercy Park - Murray Hill","24.7","22.6","297"
"2019","UHF 42","308","4","Greenwich Village - SoHo","12.9","12.6","97"
"2019","UHF 42","309","4","Union Square - Lower East Side","67.3","65.5","1,135"
"2019","UHF 42","310","4","Lower Manhattan","47.7","40.0","235"
"2019","UHF 42","401","4","Long Island City - Astoria","44.6","41.3","740"
"2019","UHF 42","402","4","West Queens","33.6","33.2","1,249"
"2019","UHF 42","403","4","Flushing - Clearview","19.6","18.1","395"
"2019","UHF 42","404","4","Bayside - Little Neck","11.7","11.1","83"
"2019","UHF 42","405","4","Ridgewood - Forest Hills","28.9","27.6","606"
"2019","UHF 42","406","4","Fresh Meadows","29.1","28.5","234"
"2019","UHF 42","407","4","Southwest Queens","45.3","45.1","1,026"
"2019","UHF 42","408","4","Jamaica","72.8","72.0","1,898"
"2019","UHF 42","409","4","Southeast Queens","47.6","44.7","810"
"2019","UHF 42","410","4","Rockaways","103.9","99.4","1,008"
"2019","UHF 42","501","4","Port Richmond","119.9","120.2","656"
"2019","UHF 42","502","4","Stapleton - St. George","86.3","81.0","835"
"2019","UHF 42","503","4","Willowbrook","33.0","31.3","240"
"2019","UHF 42","504","4","South Beach - Tottenville","19.7","18.9","304"
"2019","Community District","101","6","Financial District (CD1)","27.4","21.9","124"
"2019","Community District","102","6","Greenwich Village and Soho (CD2)","9.7","9.5","81"
"2019","Community District","103","6","Lower East Side and Chinatown (CD3)","81.0","79.2","1,222"
"2019","Community District","104","6","Clinton and Chelsea (CD4)","40.4","38.2","533"
"2019","Community District","105","6","Midtown (CD5)","28.3","25.8","153"
"2019","Community District","106","6","Stuyvesant Town and Turtle Bay (CD6)","23.6","22.0","301"
"2019","Community District","107","6","Upper West Side (CD7)","42.3","38.9","732"
"2019","Community District","108","6","Upper East Side (CD8)","18.5","15.6","312"
"2019","Community District","109","6","Morningside Heights and Hamilton Heights (CD9)","85.0","83.5","792"
"2019","Community District","110","6","Central Harlem (CD10)","274.7","272.6","2,568"
"2019","Community District","111","6","East Harlem (CD11)","246.2","242.5","2,447"
"2019","Community District","112","6","Washington Heights and Inwood (CD12)","56.3","56.0","918"
"2019","Community District","201","6","Mott Haven and Melrose (CD1)","300.2","300.6","2,218"
"2019","Community District","202","6","Hunts Point and Longwood (CD2)","180.5","180.7","764"
"2019","Community District","203","6","Morrisania and Crotona (CD3)","222.2","226.0","1,517"
"2019","Community District","204","6","Highbridge and Concourse (CD4)","179.0","181.3","2,151"
"2019","Community District","205","6","Fordham and University Heights (CD5)","153.6","154.4","1,573"
"2019","Community District","206","6","Belmont and East Tremont (CD6)","235.7","235.6","1,519"
"2019","Community District","207","6","Kingsbridge Heights and Bedford (CD7)","115.2","116.1","1,330"
"2019","Community District","208","6","Riverdale and Fieldston (CD8)","46.6","44.8","383"
"2019","Community District","209","6","Parkchester and Soundview (CD9)","117.8","118.3","11"
"2019","Community District","210","6","Throgs Neck and Co-op City (CD10)","75.4","72.0","731"
"2019","Community District","211","6","Morris Park and Bronxdale (CD11)","94.1","90.9","850"
"2019","Community District","212","6","Williamsbridge and Baychester (CD12)","163.8","161.1","1,985"
"2019","Community District","301","6","Greenpoint and Williamsburg (CD1)","63.5","54.5","863"
"2019","Community District","302","6","Fort Greene and Brooklyn Heights (CD2)","63.0","57.3","682"
"2019","Community District","303","6","Bedford Stuyvesant (CD3)","166.8","164.7","1,950"
"2019","Community District","304","6","Bushwick (CD4)","112.4","110.5","960"
"2019","Community District","305","6","East New York and Starrett City (CD5)","171.4","170.7","2,293"
"2019","Community District","306","6","Park Slope and Carroll Gardens (CD6)","50.6","42.1","394"
"2019","Community District","307","6","Sunset Park (CD7)","42.6","40.2","425"
"2019","Community District","308","6","Crown Heights and Prospect Heights (CD8)","109.0","105.5","846"
"2019","Community District","309","6","South Crown Heights and Lefferts Gardens (CD9)","94.2","91.8","731"
"2019","Community District","310","6","Bay Ridge and Dyker Heights (CD10)","20.7","20.3","238"
"2019","Community District","311","6","Bensonhurst (CD11)","16.0","15.7","265"
"2019","Community District","312","6","Borough Park (CD12)","18.3","18.1","246"
"2019","Community District","313","6","Coney Island (CD13)","79.7","71.7","654"
"2019","Community District","314","6","Flatbush and Midwood (CD14)","59.6","59.2","763"
"2019","Community District","315","6","Sheepshead Bay (CD15)","22.6","21.7","308"
"2019","Community District","316","6","Brownsville (CD16)","237.6","235.4","1,469"
"2019","Community District","317","6","East Flatbush (CD17)","117.8","113.0","1,422"
"2019","Community District","318","6","Flatlands and Canarsie (CD18)","79.5","78.0","1,189"
"2019","Community District","401","6","Long Island City and Astoria (CD1)","44.4","42.6","722"
"2019","Community District","402","6","Woodside and Sunnyside (CD2)","19.9","18.6","243"
"2019","Community District","403","6","Jackson Heights (CD3)","31.5","30.8","440"
"2019","Community District","404","6","Elmhurst and Corona (CD4)","33.7","33.5","504"
"2019","Community District","405","6","Ridgewood and Maspeth (CD5)","39.3","38.6","500"
"2019","Community District","406","6","Rego Park and Forest Hills (CD6)","20.4","18.7","183"
"2019","Community District","407","6","Flushing and Whitestone (CD7)","18.8","17.4","390"
"2019","Community District","408","6","Hillcrest and Fresh Meadows (CD8)","33.0","32.2","408"
"2019","Community District","409","6","Kew Gardens and Woodhaven (CD9)","46.6","46.7","537"
"2019","Community District","410","6","South Ozone Park and Howard Beach (CD10)","50.3","49.6","494"
"2019","Community District","411","6","Bayside and Little Neck (CD11)","11.0","10.5","103"
"2019","Community District","412","6","Jamaica and Hollis (CD12)","93.4","92.4","1,724"
"2019","Community District","413","6","Queens Village (CD13)","52.7","49.6","790"
"2019","Community District","414","6","Rockaway and Broad Channel (CD14)","121.9","116.8","1,008"
"2019","Community District","501","6","St. George and Stapleton (CD1)","97.3","94.8","1,402"
"2019","Community District","502","6","South Beach and Willowbrook (CD2)","37.4","34.8","404"
"2019","Community District","503","6","Tottenville and Great Kills (CD3)","18.2","17.5","228"
"2018","Citywide","1","0","New York City","89.9","88.4","58,907"
"2018","Borough","1","1","Bronx","172.4","172.8","18,641"
"2018","Borough","2","1","Brooklyn","93.2","91.2","18,211"
"2018","Borough","3","1","Manhattan","86.8","84.0","11,725"
"2018","Borough","4","1","Queens","45.3","44.4","8,084"
"2018","Borough","5","1","Staten Island","64.0","60.2","2,246"
"2018","UHF 42","101","4","Kingsbridge - Riverdale","60.2","55.0","412"
"2018","UHF 42","102","4","Northeast Bronx","125.7","122.1","1,957"
"2018","UHF 42","103","4","Fordham - Bronx Pk","155.8","155.3","3,067"
"2018","UHF 42","104","4","Pelham - Throgs Neck","112.1","110.6","2,572"
"2018","UHF 42","105","4","Crotona -Tremont","224.2","228.2","3,512"
"2018","UHF 42","106","4","High Bridge - Morrisania","235.8","241.8","3,832"
"2018","UHF 42","107","4","Hunts Point - Mott Haven","256.0","258.1","2,629"
"2018","UHF 42","201","4","Greenpoint","51.5","42.6","458"
"2018","UHF 42","202","4","Downtown - Heights - Slope","71.3","63.9","1,336"
"2018","UHF 42","203","4","Bedford Stuyvesant - Crown Heights","175.2","173.2","4,414"
"2018","UHF 42","204","4","East New York","183.1","185.1","2,561"
"2018","UHF 42","205","4","Sunset Park","46.8","45.3","429"
"2018","UHF 42","206","4","Borough Park","28.3","28.0","653"
"2018","UHF 42","207","4","East Flatbush - Flatbush","117.5","111.2","2,608"
"2018","UHF 42","208","4","Canarsie - Flatlands","84.2","80.3","1,304"
"2018","UHF 42","209","4","Bensonhurst - Bay Ridge","20.9","20.5","337"
"2018","UHF 42","210","4","Coney Island - Sheepshead Bay","47.3","45.8","1,059"
"2018","UHF 42","211","4","Williamsburg - Bushwick","158.7","149.3","2,469"
"2018","UHF 42","301","4","Washington Heights","75.3","73.6","1,629"
"2018","UHF 42","302","4","Central Harlem - Morningside Heights","218.6","221.8","3,233"
"2018","UHF 42","303","4","East Harlem","262.4","263.6","2,399"
"2018","UHF 42","304","4","Upper West Side","56.0","52.8","982"
"2018","UHF 42","305","4","Upper East Side","18.0","16.3","299"
"2018","UHF 42","306","4","Chelsea - Clinton","52.2","47.0","688"
"2018","UHF 42","307","4","Gramercy Park - Murray Hill","39.3","33.4","401"
"2018","UHF 42","308","4","Greenwich Village - SoHo","14.3","14.0","102"
"2018","UHF 42","309","4","Union Square - Lower East Side","78.8","76.2","1,253"
"2018","UHF 42","310","4","Lower Manhattan","56.7","47.7","247"
"2018","UHF 42","401","4","Long Island City - Astoria","51.3","46.7","825"
"2018","UHF 42","402","4","West Queens","37.8","37.5","1,347"
"2018","UHF 42","403","4","Flushing - Clearview","20.5","19.6","410"
"2018","UHF 42","404","4","Bayside - Little Neck","14.0","12.9","92"
"2018","UHF 42","405","4","Ridgewood - Forest Hills","32.9","31.3","645"
"2018","UHF 42","406","4","Fresh Meadows","33.8","32.2","253"
"2018","UHF 42","407","4","Southwest Queens","45.4","45.3","987"
"2018","UHF 42","408","4","Jamaica","62.3","62.5","1,555"
"2018","UHF 42","409","4","Southeast Queens","43.9","42.1","721"
"2018","UHF 42","410","4","Rockaways","110.4","104.6","983"
"2018","UHF 42","501","4","Port Richmond","135.3","137.2","690"
"2018","UHF 42","502","4","Stapleton - St. George","95.5","89.0","864"
"2018","UHF 42","503","4","Willowbrook","42.1","38.3","281"
"2018","UHF 42","504","4","South Beach - Tottenville","26.6","24.6","375"
"2017","Citywide","1","0","New York City","-","92.5","61,909"
"2016","Citywide","1","0","New York City","99.1","98.1","66,229"
"2016","Borough","1","1","Bronx","192.4","193.5","21,089"
"2016","Borough","2","1","Brooklyn","103.1","101.7","20,608"
"2016","Borough","3","1","Manhattan","95.5","91.7","12,872"
"2016","Borough","4","1","Queens","52.3","51.6","9,598"
"2016","Borough","5","1","Staten Island","59.1","55.5","2,062"
"2016","UHF 42","101","4","Kingsbridge - Riverdale","78.3","75.0","559"
"2016","UHF 42","102","4","Northeast Bronx","145.7","139.1","2,231"
"2016","UHF 42","103","4","Fordham - Bronx Pk","182.1","184.4","3,560"
"2016","UHF 42","104","4","Pelham - Throgs Neck","136.8","136.4","3,250"
"2016","UHF 42","105","4","Crotona -Tremont","244.1","247.4","3,901"
"2016","UHF 42","106","4","High Bridge - Morrisania","275.3","280.4","4,507"
"2016","UHF 42","107","4","Hunts Point - Mott Haven","309.1","309.5","3,244"
"2016","UHF 42","201","4","Greenpoint","65.8","54.3","602"
"2016","UHF 42","202","4","Downtown - Heights - Slope","77.2","67.3","1,435"
"2016","UHF 42","203","4","Bedford Stuyvesant - Crown Heights","209.2","208.5","5,327"
"2016","UHF 42","204","4","East New York","205.5","208.4","2,840"
"2016","UHF 42","205","4","Sunset Park","49.8","48.5","497"
"2016","UHF 42","206","4","Borough Park","27.5","27.2","668"
"2016","UHF 42","207","4","East Flatbush - Flatbush","123.7","122.2","2,885"
"2016","UHF 42","208","4","Canarsie - Flatlands","98.6","95.2","1,535"
"2016","UHF 42","209","4","Bensonhurst - Bay Ridge","23.7","23.5","402"
"2016","UHF 42","210","4","Coney Island - Sheepshead Bay","56.9","53.2","1,214"
"2016","UHF 42","211","4","Williamsburg - Bushwick","206.8","199.9","3,302"
"2016","UHF 42","301","4","Washington Heights","90.4","89.9","1,973"
"2016","UHF 42","302","4","Central Harlem - Morningside Heights","269.4","266.5","3,761"
"2016","UHF 42","303","4","East Harlem","317.4","314.5","2,806"
"2016","UHF 42","304","4","Upper West Side","64.2","61.7","1,159"
"2016","UHF 42","305","4","Upper East Side","20.3","18.2","340"
"2016","UHF 42","306","4","Chelsea - Clinton","51.0","47.5","687"
"2016","UHF 42","307","4","Gramercy Park - Murray Hill","43.0","37.5","456"
"2016","UHF 42","308","4","Greenwich Village - SoHo","17.9","17.6","128"
"2016","UHF 42","309","4","Union Square - Lower East Side","81.1","77.5","1,348"
"2016","UHF 42","310","4","Lower Manhattan","60.6","48.7","263"
"2016","UHF 42","401","4","Long Island City - Astoria","68.9","61.5","1,120"
"2016","UHF 42","402","4","West Queens","41.2","41.0","1,558"
"2016","UHF 42","403","4","Flushing - Clearview","24.6","23.3","511"
"2016","UHF 42","404","4","Bayside - Little Neck","16.7","16.1","119"
"2016","UHF 42","405","4","Ridgewood - Forest Hills","40.5","38.3","777"
"2016","UHF 42","406","4","Fresh Meadows","40.6","39.9","318"
"2016","UHF 42","407","4","Southwest Queens","50.4","50.6","1,147"
"2016","UHF 42","408","4","Jamaica","88.0","86.4","2,151"
"2016","UHF 42","409","4","Southeast Queens","57.7","54.9","937"
"2016","UHF 42","410","4","Rockaways","119.9","115.6","1,032"
"2016","UHF 42","501","4","Port Richmond","121.0","121.5","604"
"2016","UHF 42","502","4","Stapleton - St. George","90.5","85.5","835"
"2016","UHF 42","503","4","Willowbrook","32.1","29.7","210"
"2016","UHF 42","504","4","South Beach - Tottenville","29.0","27.0","415"
"2015","Citywide","1","0","New York City","†","†","†"
"2015","Borough","1","1","Bronx","†","†","†"
"2015","Borough","2","1","Brooklyn","†","†","†"
"2015","Borough","3","1","Manhattan","†","†","†"
"2015","Borough","4","1","Queens","†","†","†"
"2015","Borough","5","1","Staten Island","†","†","†"
"2014","Citywide","1","0","New York City","114.7","114.3","76,396"
"2014","Borough","1","1","Bronx","225.1","226.8","24,306"
"2014","Borough","2","1","Brooklyn","120.2","119.4","23,972"
"2014","Borough","3","1","Manhattan","106.6","102.4","14,294"
"2014","Borough","4","1","Queens","60.7","60.7","11,198"
"2014","Borough","5","1","Staten Island","73.7","71.3","2,626"
"2014","UHF 42","101","4","Kingsbridge - Riverdale","74.6","71.0","527"
"2014","UHF 42","102","4","Northeast Bronx","170.7","165.3","2,615"
"2014","UHF 42","103","4","Fordham - Bronx Pk","216.1","217.5","4,119"
"2014","UHF 42","104","4","Pelham - Throgs Neck","163.3","164.1","3,850"
"2014","UHF 42","105","4","Crotona -Tremont","285.9","289.1","4,462"
"2014","UHF 42","106","4","High Bridge - Morrisania","279.3","284.3","4,473"
"2014","UHF 42","107","4","Hunts Point - Mott Haven","337.7","338.3","3,463"
"2014","UHF 42","201","4","Greenpoint","73.5","59.7","643"
"2014","UHF 42","202","4","Downtown - Heights - Slope","81.6","73.4","1,516"
"2014","UHF 42","203","4","Bedford Stuyvesant - Crown Heights","235.4","235.2","6,007"
"2014","UHF 42","204","4","East New York","243.1","248.1","3,393"
"2014","UHF 42","205","4","Sunset Park","65.0","61.5","618"
"2014","UHF 42","206","4","Borough Park","34.3","34.1","829"
"2014","UHF 42","207","4","East Flatbush - Flatbush","125.9","125.3","2,954"
"2014","UHF 42","208","4","Canarsie - Flatlands","99.8","99.2","1,601"
"2014","UHF 42","209","4","Bensonhurst - Bay Ridge","29.0","29.0","488"
"2014","UHF 42","210","4","Coney Island - Sheepshead Bay","58.9","57.1","1,293"
"2014","UHF 42","211","4","Williamsburg - Bushwick","247.0","233.1","3,849"
"2014","UHF 42","301","4","Washington Heights","100.8","100.2","2,192"
"2014","UHF 42","302","4","Central Harlem - Morningside Heights","267.8","263.3","3,720"
"2014","UHF 42","303","4","East Harlem","339.7","336.2","2,990"
"2014","UHF 42","304","4","Upper West Side","61.6","59.9","1,122"
"2014","UHF 42","305","4","Upper East Side","25.9","23.7","445"
"2014","UHF 42","306","4","Chelsea - Clinton","62.5","57.9","820"
"2014","UHF 42","307","4","Gramercy Park - Murray Hill","56.5","48.8","587"
"2014","UHF 42","308","4","Greenwich Village - SoHo","15.5","15.0","109"
"2014","UHF 42","309","4","Union Square - Lower East Side","90.3","86.1","1,487"
"2014","UHF 42","310","4","Lower Manhattan","62.6","47.0","246"
"2014","UHF 42","401","4","Long Island City - Astoria","62.1","56.7","1,024"
"2014","UHF 42","402","4","West Queens","41.8","41.3","1,556"
"2014","UHF 42","403","4","Flushing - Clearview","28.6","29.0","624"
"2014","UHF 42","404","4","Bayside - Little Neck","19.3","19.6","144"
"2014","UHF 42","405","4","Ridgewood - Forest Hills","43.8","42.8","873"
"2014","UHF 42","406","4","Fresh Meadows","42.9","42.6","337"
"2014","UHF 42","407","4","Southwest Queens","67.5","67.2","1,509"
"2014","UHF 42","408","4","Jamaica","100.8","101.4","2,496"
"2014","UHF 42","409","4","Southeast Queens","61.6","59.9","1,013"
"2014","UHF 42","410","4","Rockaways","126.0","124.7","1,118"
"2014","UHF 42","501","4","Port Richmond","148.4","151.5","739"
"2014","UHF 42","502","4","Stapleton - St. George","111.4","109.4","1,052"
"2014","UHF 42","503","4","Willowbrook","44.3","41.3","288"
"2014","UHF 42","504","4","South Beach - Tottenville","34.5","32.4","498"
"2013","Citywide","1","0","New York City","114.0","113.7","75,473"
"2013","Borough","1","1","Bronx","224.0","225.8","23,937"
"2013","Borough","2","1","Brooklyn","122.6","122.0","24,305"
"2013","Borough","3","1","Manhattan","101.6","97.7","13,586"
"2013","Borough","4","1","Queens","60.3","60.3","11,020"
"2013","Borough","5","1","Staten Island","73.3","71.6","2,625"
"2013","UHF 42","101","4","Kingsbridge - Riverdale","76.2","75.0","556"
"2013","UHF 42","102","4","Northeast Bronx","166.5","161.2","2,526"
"2013","UHF 42","103","4","Fordham - Bronx Pk","221.5","223.3","4,175"
"2013","UHF 42","104","4","Pelham - Throgs Neck","164.7","165.5","3,846"
"2013","UHF 42","105","4","Crotona -Tremont","281.8","283.3","4,306"
"2013","UHF 42","106","4","High Bridge - Morrisania","285.3","289.9","4,493"
"2013","UHF 42","107","4","Hunts Point - Mott Haven","324.5","325.9","3,281"
"2013","UHF 42","201","4","Greenpoint","82.2","66.3","702"
"2013","UHF 42","202","4","Downtown - Heights - Slope","87.8","80.5","1,633"
"2013","UHF 42","203","4","Bedford Stuyvesant - Crown Heights","232.4","232.8","5,921"
"2013","UHF 42","204","4","East New York","229.1","234.8","3,204"
"2013","UHF 42","205","4","Sunset Park","83.3","78.4","778"
"2013","UHF 42","206","4","Borough Park","31.0","31.0","747"
"2013","UHF 42","207","4","East Flatbush - Flatbush","139.9","139.5","3,274"
"2013","UHF 42","208","4","Canarsie - Flatlands","93.9","93.1","1,499"
"2013","UHF 42","209","4","Bensonhurst - Bay Ridge","30.1","30.4","507"
"2013","UHF 42","210","4","Coney Island - Sheepshead Bay","57.9","57.6","1,296"
"2013","UHF 42","211","4","Williamsburg - Bushwick","256.9","242.8","3,992"
"2013","UHF 42","301","4","Washington Heights","93.5","93.2","2,031"
"2013","UHF 42","302","4","Central Harlem - Morningside Heights","267.3","263.7","3,731"
"2013","UHF 42","303","4","East Harlem","319.8","316.8","2,810"
"2013","UHF 42","304","4","Upper West Side","57.6","55.2","1,033"
"2013","UHF 42","305","4","Upper East Side","21.9","21.2","398"
"2013","UHF 42","306","4","Chelsea - Clinton","59.1","54.0","757"
"2013","UHF 42","307","4","Gramercy Park - Murray Hill","53.6","46.5","556"
"2013","UHF 42","308","4","Greenwich Village - SoHo","12.6","11.7","85"
"2013","UHF 42","309","4","Union Square - Lower East Side","87.7","83.4","1,437"
"2013","UHF 42","310","4","Lower Manhattan","51.9","38.0","196"
"2013","UHF 42","401","4","Long Island City - Astoria","68.7","63.1","1,129"
"2013","UHF 42","402","4","West Queens","42.0","41.5","1,545"
"2013","UHF 42","403","4","Flushing - Clearview","29.9","29.3","623"
"2013","UHF 42","404","4","Bayside - Little Neck","19.3","18.8","137"
"2013","UHF 42","405","4","Ridgewood - Forest Hills","40.3","39.9","813"
"2013","UHF 42","406","4","Fresh Meadows","51.7","50.4","396"
"2013","UHF 42","407","4","Southwest Queens","63.5","63.7","1,417"
"2013","UHF 42","408","4","Jamaica","103.1","103.9","2,534"
"2013","UHF 42","409","4","Southeast Queens","60.6","58.8","987"
"2013","UHF 42","410","4","Rockaways","106.0","103.6","928"
"2013","UHF 42","501","4","Port Richmond","137.9","140.8","680"
"2013","UHF 42","502","4","Stapleton - St. George","110.9","109.7","1,047"
"2013","UHF 42","503","4","Willowbrook","44.2","43.0","298"
"2013","UHF 42","504","4","South Beach - Tottenville","35.8","33.9","520"
"2012","Citywide","1","0","New York City","118.3","118.2","77,792"
"2012","Borough","1","1","Bronx","218.1","220.2","23,063"
"2012","Borough","2","1","Brooklyn","129.3","129.0","25,438"
"2012","Borough","3","1","Manhattan","109.0","104.9","14,537"
"2012","Borough","4","1","Queens","64.5","64.5","11,685"
"2012","Borough","5","1","Staten Island","85.9","84.3","3,069"
"2012","UHF 42","101","4","Kingsbridge - Riverdale","73.6","72.1","534"
"2012","UHF 42","102","4","Northeast Bronx","137.6","134.3","2,084"
"2012","UHF 42","103","4","Fordham - Bronx Pk","199.4","199.4","3,676"
"2012","UHF 42","104","4","Pelham - Throgs Neck","162.3","163.6","3,767"
"2012","UHF 42","105","4","Crotona -Tremont","296.3","298.3","4,457"
"2012","UHF 42","106","4","High Bridge - Morrisania","289.1","291.9","4,447"
"2012","UHF 42","107","4","Hunts Point - Mott Haven","323.8","330.0","3,261"
"2012","UHF 42","201","4","Greenpoint","80.8","66.8","693"
"2012","UHF 42","202","4","Downtown - Heights - Slope","96.6","89.6","1,777"
"2012","UHF 42","203","4","Bedford Stuyvesant - Crown Heights","239.6","241.1","6,088"
"2012","UHF 42","204","4","East New York","229.2","235.3","3,196"
"2012","UHF 42","205","4","Sunset Park","89.8","84.3","824"
"2012","UHF 42","206","4","Borough Park","38.9","38.8","926"
"2012","UHF 42","207","4","East Flatbush - Flatbush","146.6","146.5","3,411"
"2012","UHF 42","208","4","Canarsie - Flatlands","104.0","101.7","1,628"
"2012","UHF 42","209","4","Bensonhurst - Bay Ridge","32.7","32.4","534"
"2012","UHF 42","210","4","Coney Island - Sheepshead Bay","60.5","59.4","1,327"
"2012","UHF 42","211","4","Williamsburg - Bushwick","274.0","260.5","4,257"
"2012","UHF 42","301","4","Washington Heights","98.2","97.7","2,120"
"2012","UHF 42","302","4","Central Harlem - Morningside Heights","279.9","277.9","3,938"
"2012","UHF 42","303","4","East Harlem","327.1","325.6","2,880"
"2012","UHF 42","304","4","Upper West Side","61.9","59.4","1,108"
"2012","UHF 42","305","4","Upper East Side","21.5","20.6","386"
"2012","UHF 42","306","4","Chelsea - Clinton","61.8","57.0","791"
"2012","UHF 42","307","4","Gramercy Park - Murray Hill","52.1","46.1","549"
"2012","UHF 42","308","4","Greenwich Village - SoHo","19.8","18.2","132"
"2012","UHF 42","309","4","Union Square - Lower East Side","111.0","106.8","1,838"
"2012","UHF 42","310","4","Lower Manhattan","61.7","47.9","244"
"2012","UHF 42","401","4","Long Island City - Astoria","69.2","64.0","1,135"
"2012","UHF 42","402","4","West Queens","43.0","42.6","1,570"
"2012","UHF 42","403","4","Flushing - Clearview","30.1","29.5","620"
"2012","UHF 42","404","4","Bayside - Little Neck","22.6","21.4","155"
"2012","UHF 42","405","4","Ridgewood - Forest Hills","41.5","40.8","830"
"2012","UHF 42","406","4","Fresh Meadows","54.9","53.1","414"
"2012","UHF 42","407","4","Southwest Queens","73.0","73.3","1,616"
"2012","UHF 42","408","4","Jamaica","105.3","105.7","2,547"
"2012","UHF 42","409","4","Southeast Queens","67.2","65.4","1,087"
"2012","UHF 42","410","4","Rockaways","132.1","130.4","1,164"
"2012","UHF 42","501","4","Port Richmond","174.7","176.7","844"
"2012","UHF 42","502","4","Stapleton - St. George","126.0","124.5","1,177"
"2012","UHF 42","503","4","Willowbrook","41.5","41.3","284"
"2012","UHF 42","504","4","South Beach - Tottenville","45.9","44.9","688"
"2011","Citywide","1","0","New York City","109.5","109.6","71,351"
"2011","Borough","1","1","Bronx","191.7","193.2","19,940"
"2011","Borough","2","1","Brooklyn","121.1","121.0","23,527"
"2011","Borough","3","1","Manhattan","105.1","101.7","13,959"
"2011","Borough","4","1","Queens","61.8","62.0","11,124"
"2011","Borough","5","1","Staten Island","78.0","77.1","2,801"
"2011","UHF 42","101","4","Kingsbridge - Riverdale","67.3","65.2","481"
"2011","UHF 42","102","4","Northeast Bronx","89.2","89.8","1,380"
"2011","UHF 42","103","4","Fordham - Bronx Pk","168.4","167.4","3,034"
"2011","UHF 42","104","4","Pelham - Throgs Neck","136.4","137.8","3,135"
"2011","UHF 42","105","4","Crotona -Tremont","301.3","302.3","4,426"
"2011","UHF 42","106","4","High Bridge - Morrisania","262.8","263.4","3,937"
"2011","UHF 42","107","4","Hunts Point - Mott Haven","297.3","300.2","2,902"
"2011","UHF 42","201","4","Greenpoint","76.3","65.4","662"
"2011","UHF 42","202","4","Downtown - Heights - Slope","100.5","91.1","1,761"
"2011","UHF 42","203","4","Bedford Stuyvesant - Crown Heights","217.2","218.0","5,453"
"2011","UHF 42","204","4","East New York","212.2","216.9","2,926"
"2011","UHF 42","205","4","Sunset Park","80.1","76.8","737"
"2011","UHF 42","206","4","Borough Park","36.0","36.0","847"
"2011","UHF 42","207","4","East Flatbush - Flatbush","146.1","146.4","3,378"
"2011","UHF 42","208","4","Canarsie - Flatlands","104.2","102.2","1,624"
"2011","UHF 42","209","4","Bensonhurst - Bay Ridge","26.4","26.2","424"
"2011","UHF 42","210","4","Coney Island - Sheepshead Bay","57.2","56.2","1,240"
"2011","UHF 42","211","4","Williamsburg - Bushwick","246.3","233.8","3,782"
"2011","UHF 42","301","4","Washington Heights","95.4","95.0","2,036"
"2011","UHF 42","302","4","Central Harlem - Morningside Heights","261.1","259.8","3,664"
"2011","UHF 42","303","4","East Harlem","317.7","317.9","2,782"
"2011","UHF 42","304","4","Upper West Side","55.7","54.0","999"
"2011","UHF 42","305","4","Upper East Side","26.7","24.7","459"
"2011","UHF 42","306","4","Chelsea - Clinton","58.8","54.8","749"
"2011","UHF 42","307","4","Gramercy Park - Murray Hill","54.7","46.8","552"
"2011","UHF 42","308","4","Greenwich Village - SoHo","22.2","20.4","147"
"2011","UHF 42","309","4","Union Square - Lower East Side","104.3","101.3","1,730"
"2011","UHF 42","310","4","Lower Manhattan","55.1","47.8","239"
"2011","UHF 42","401","4","Long Island City - Astoria","69.0","63.6","1,118"
"2011","UHF 42","402","4","West Queens","40.3","39.6","1,447"
"2011","UHF 42","403","4","Flushing - Clearview","29.8","29.6","615"
"2011","UHF 42","404","4","Bayside - Little Neck","17.4","17.5","126"
"2011","UHF 42","405","4","Ridgewood - Forest Hills","39.9","39.0","792"
"2011","UHF 42","406","4","Fresh Meadows","47.4","46.4","359"
"2011","UHF 42","407","4","Southwest Queens","68.0","69.0","1,506"
"2011","UHF 42","408","4","Jamaica","99.4","100.1","2,387"
"2011","UHF 42","409","4","Southeast Queens","69.0","66.8","1,101"
"2011","UHF 42","410","4","Rockaways","124.4","123.0","1,095"
"2011","UHF 42","501","4","Port Richmond","156.1","158.7","756"
"2011","UHF 42","502","4","Stapleton - St. George","115.2","115.1","1,083"
"2011","UHF 42","503","4","Willowbrook","41.5","41.1","281"
"2011","UHF 42","504","4","South Beach - Tottenville","39.6","39.2","599"
"2010","Citywide","1","0","New York City","107.2","107.4","69,536"
"2010","Borough","1","1","Bronx","199.0","200.7","20,451"
"2010","Borough","2","1","Brooklyn","115.7","115.7","22,587"
"2010","Borough","3","1","Manhattan","100.0","97.0","13,121"
"2010","Borough","4","1","Queens","59.2","59.4","10,622"
"2010","Borough","5","1","Staten Island","78.1","76.5","2,755"
"2010","UHF 42","101","4","Kingsbridge - Riverdale","74.4","73.6","542"
"2010","UHF 42","102","4","Northeast Bronx","92.9","92.4","1,359"
"2010","UHF 42","103","4","Fordham - Bronx Pk","170.2","170.0","3,131"
"2010","UHF 42","104","4","Pelham - Throgs Neck","142.0","143.4","3,244"
"2010","UHF 42","105","4","Crotona -Tremont","308.0","309.6","4,459"
"2010","UHF 42","106","4","High Bridge - Morrisania","271.0","274.3","4,059"
"2010","UHF 42","107","4","Hunts Point - Mott Haven","307.1","311.0","2,973"
"2010","UHF 42","201","4","Greenpoint","68.2","57.9","600"
"2010","UHF 42","202","4","Downtown - Heights - Slope","93.9","87.0","1,593"
"2010","UHF 42","203","4","Bedford Stuyvesant - Crown Heights","221.9","224.3","5,426"
"2010","UHF 42","204","4","East New York","202.0","208.2","2,796"
"2010","UHF 42","205","4","Sunset Park","85.4","80.9","799"
"2010","UHF 42","206","4","Borough Park","28.9","28.6","693"
"2010","UHF 42","207","4","East Flatbush - Flatbush","129.8","130.0","2,980"
"2010","UHF 42","208","4","Canarsie - Flatlands","97.1","95.3","1,446"
"2010","UHF 42","209","4","Bensonhurst - Bay Ridge","27.5","27.2","470"
"2010","UHF 42","210","4","Coney Island - Sheepshead Bay","51.4","50.2","1,201"
"2010","UHF 42","211","4","Williamsburg - Bushwick","245.8","238.3","3,703"
"2010","UHF 42","301","4","Washington Heights","94.0","94.1","1,893"
"2010","UHF 42","302","4","Central Harlem - Morningside Heights","284.5","284.3","3,698"
"2010","UHF 42","303","4","East Harlem","299.0","299.5","2,579"
"2010","UHF 42","304","4","Upper West Side","59.3","58.9","1,104"
"2010","UHF 42","305","4","Upper East Side","21.9","21.1","397"
"2010","UHF 42","306","4","Chelsea - Clinton","53.7","49.9","681"
"2010","UHF 42","307","4","Gramercy Park - Murray Hill","49.4","42.1","520"
"2010","UHF 42","308","4","Greenwich Village - SoHo","16.7","15.8","117"
"2010","UHF 42","309","4","Union Square - Lower East Side","80.0","76.8","1,332"
"2010","UHF 42","310","4","Lower Manhattan","67.6","57.9","269"
"2010","UHF 42","401","4","Long Island City - Astoria","60.1","56.3","1,018"
"2010","UHF 42","402","4","West Queens","36.4","35.8","1,387"
"2010","UHF 42","403","4","Flushing - Clearview","23.9","24.5","529"
"2010","UHF 42","404","4","Bayside - Little Neck","18.3","18.0","129"
"2010","UHF 42","405","4","Ridgewood - Forest Hills","39.9","39.6","789"
"2010","UHF 42","406","4","Fresh Meadows","43.7","42.9","327"
"2010","UHF 42","407","4","Southwest Queens","69.6","71.0","1,453"
"2010","UHF 42","408","4","Jamaica","106.5","107.3","2,373"
"2010","UHF 42","409","4","Southeast Queens","73.5","71.6","1,093"
"2010","UHF 42","410","4","Rockaways","117.1","115.0","967"
"2010","UHF 42","501","4","Port Richmond","142.7","146.3","738"
"2010","UHF 42","502","4","Stapleton - St. George","113.1","112.2","1,069"
"2010","UHF 42","503","4","Willowbrook","49.2","46.9","315"
"2010","UHF 42","504","4","South Beach - Tottenville","38.6","37.7","556"
"2009","Citywide","1","0","New York City","108.7","109.1","69,944"
"2009","Borough","1","1","Bronx","211.8","214.2","21,556"
"2009","Borough","2","1","Brooklyn","105.8","106.1","20,450"
"2009","Borough","3","1","Manhattan","111.0","107.6","14,493"
"2009","Borough","4","1","Queens","59.6","59.9","10,602"
"2009","Borough","5","1","Staten Island","80.4","79.5","2,843"
"2009","UHF 42","101","4","Kingsbridge - Riverdale","79.4","78.4","573"
"2009","UHF 42","102","4","Northeast Bronx","121.5","120.4","1,759"
"2009","UHF 42","103","4","Fordham - Bronx Pk","191.8","191.5","3,498"
"2009","UHF 42","104","4","Pelham - Throgs Neck","154.2","155.8","3,494"
"2009","UHF 42","105","4","Crotona -Tremont","297.2","300.9","4,285"
"2009","UHF 42","106","4","High Bridge - Morrisania","267.4","271.9","3,919"
"2009","UHF 42","107","4","Hunts Point - Mott Haven","340.8","343.6","3,220"
"2009","UHF 42","201","4","Greenpoint","62.2","55.4","545"
"2009","UHF 42","202","4","Downtown - Heights - Slope","87.5","81.4","1,476"
"2009","UHF 42","203","4","Bedford Stuyvesant - Crown Heights","202.2","204.2","4,877"
"2009","UHF 42","204","4","East New York","190.3","195.9","2,581"
"2009","UHF 42","205","4","Sunset Park","81.2","76.3","743"
"2009","UHF 42","206","4","Borough Park","28.6","28.3","684"
"2009","UHF 42","207","4","East Flatbush - Flatbush","117.8","118.9","2,715"
"2009","UHF 42","208","4","Canarsie - Flatlands","86.4","85.8","1,290"
"2009","UHF 42","209","4","Bensonhurst - Bay Ridge","26.9","26.4","451"
"2009","UHF 42","210","4","Coney Island - Sheepshead Bay","48.3","47.2","1,121"
"2009","UHF 42","211","4","Williamsburg - Bushwick","220.1","216.1","3,290"
"2009","UHF 42","301","4","Washington Heights","100.0","100.0","2,006"
"2009","UHF 42","302","4","Central Harlem - Morningside Heights","310.4","311.2","3,981"
"2009","UHF 42","303","4","East Harlem","376.3","375.4","3,188"
"2009","UHF 42","304","4","Upper West Side","61.2","59.8","1,126"
"2009","UHF 42","305","4","Upper East Side","22.4","20.7","393"
"2009","UHF 42","306","4","Chelsea - Clinton","59.8","56.2","741"
"2009","UHF 42","307","4","Gramercy Park - Murray Hill","45.5","40.6","502"
"2009","UHF 42","308","4","Greenwich Village - SoHo","21.1","19.6","147"
"2009","UHF 42","309","4","Union Square - Lower East Side","91.7","87.6","1,524"
"2009","UHF 42","310","4","Lower Manhattan","54.5","48.3","216"
"2009","UHF 42","401","4","Long Island City - Astoria","58.7","55.2","992"
"2009","UHF 42","402","4","West Queens","40.5","39.8","1,521"
"2009","UHF 42","403","4","Flushing - Clearview","23.4","24.2","516"
"2009","UHF 42","404","4","Bayside - Little Neck","23.2","23.3","166"
"2009","UHF 42","405","4","Ridgewood - Forest Hills","38.3","37.9","751"
"2009","UHF 42","406","4","Fresh Meadows","49.2","48.1","363"
"2009","UHF 42","407","4","Southwest Queens","70.1","71.7","1,454"
"2009","UHF 42","408","4","Jamaica","102.0","102.9","2,247"
"2009","UHF 42","409","4","Southeast Queens","70.5","68.8","1,042"
"2009","UHF 42","410","4","Rockaways","110.4","108.0","893"
"2009","UHF 42","501","4","Port Richmond","160.9","165.2","824"
"2009","UHF 42","502","4","Stapleton - St. George","116.1","115.3","1,090"
"2009","UHF 42","503","4","Willowbrook","47.9","46.7","313"
"2009","UHF 42","504","4","South Beach - Tottenville","36.3","36.6","536"
"2008","Citywide","1","0","New York City","108.5","109.0","69,081"
"2008","Borough","1","1","Bronx","220.3","222.9","22,140"
"2008","Borough","2","1","Brooklyn","105.4","105.7","20,064"
"2008","Borough","3","1","Manhattan","111.3","108.5","14,596"
"2008","Borough","4","1","Queens","55.3","55.5","9,701"
"2008","Borough","5","1","Staten Island","72.8","72.8","2,580"
"2008","UHF 42","101","4","Kingsbridge - Riverdale","80.3","79.3","576"
"2008","UHF 42","102","4","Northeast Bronx","140.7","137.5","1,989"
"2008","UHF 42","103","4","Fordham - Bronx Pk","189.3","190.4","3,439"
"2008","UHF 42","104","4","Pelham - Throgs Neck","155.1","156.8","3,481"
"2008","UHF 42","105","4","Crotona -Tremont","313.7","315.6","4,430"
"2008","UHF 42","106","4","High Bridge - Morrisania","287.5","291.4","4,119"
"2008","UHF 42","107","4","Hunts Point - Mott Haven","349.1","353.1","3,238"
"2008","UHF 42","201","4","Greenpoint","64.9","56.4","543"
"2008","UHF 42","202","4","Downtown - Heights - Slope","100.1","94.6","1,689"
"2008","UHF 42","203","4","Bedford Stuyvesant - Crown Heights","199.8","202.8","4,775"
"2008","UHF 42","204","4","East New York","191.2","197.9","2,556"
"2008","UHF 42","205","4","Sunset Park","78.9","75.7","721"
"2008","UHF 42","206","4","Borough Park","25.5","25.2","598"
"2008","UHF 42","207","4","East Flatbush - Flatbush","114.8","115.7","2,626"
"2008","UHF 42","208","4","Canarsie - Flatlands","79.9","79.5","1,182"
"2008","UHF 42","209","4","Bensonhurst - Bay Ridge","22.2","21.9","367"
"2008","UHF 42","210","4","Coney Island - Sheepshead Bay","46.2","45.0","1,051"
"2008","UHF 42","211","4","Williamsburg - Bushwick","225.5","220.8","3,282"
"2008","UHF 42","301","4","Washington Heights","104.9","104.9","2,117"
"2008","UHF 42","302","4","Central Harlem - Morningside Heights","322.6","321.8","4,079"
"2008","UHF 42","303","4","East Harlem","370.4","371.6","3,145"
"2008","UHF 42","304","4","Upper West Side","66.6","64.9","1,230"
"2008","UHF 42","305","4","Upper East Side","25.5","23.6","451"
"2008","UHF 42","306","4","Chelsea - Clinton","57.6","53.3","698"
"2008","UHF 42","307","4","Gramercy Park - Murray Hill","45.4","40.0","494"
"2008","UHF 42","308","4","Greenwich Village - SoHo","23.5","21.6","163"
"2008","UHF 42","309","4","Union Square - Lower East Side","82.9","79.9","1,389"
"2008","UHF 42","310","4","Lower Manhattan","49.9","45.8","197"
"2008","UHF 42","401","4","Long Island City - Astoria","59.4","56.3","998"
"2008","UHF 42","402","4","West Queens","39.6","39.3","1,479"
"2008","UHF 42","403","4","Flushing - Clearview","26.0","26.3","554"
"2008","UHF 42","404","4","Bayside - Little Neck","17.1","17.3","122"
"2008","UHF 42","405","4","Ridgewood - Forest Hills","39.5","38.7","761"
"2008","UHF 42","406","4","Fresh Meadows","47.7","46.7","348"
"2008","UHF 42","407","4","Southwest Queens","61.9","62.5","1,252"
"2008","UHF 42","408","4","Jamaica","82.7","82.9","1,783"
"2008","UHF 42","409","4","Southeast Queens","63.7","62.4","936"
"2008","UHF 42","410","4","Rockaways","117.3","115.0","932"
"2008","UHF 42","501","4","Port Richmond","149.5","154.8","760"
"2008","UHF 42","502","4","Stapleton - St. George","104.7","104.9","982"
"2008","UHF 42","503","4","Willowbrook","38.9","38.5","257"
"2008","UHF 42","504","4","South Beach - Tottenville","35.2","35.0","507"
"2007","Citywide","1","0","New York City","104.4","105.0","65,905"
"2007","Borough","1","1","Bronx","206.3","208.7","20,513"
"2007","Borough","2","1","Brooklyn","76.4","76.8","14,398"
"2007","Borough","3","1","Manhattan","150.8","148.5","19,862"
"2007","Borough","4","1","Queens","51.3","51.5","8,920"
"2007","Borough","5","1","Staten Island","63.8","63.1","2,212"
"2007","UHF 42","101","4","Kingsbridge - Riverdale","69.7","67.1","485"
"2007","UHF 42","102","4","Northeast Bronx","121.4","119.5","1,717"
"2007","UHF 42","103","4","Fordham - Bronx Pk","183.6","185.3","3,318"
"2007","UHF 42","104","4","Pelham - Throgs Neck","143.4","144.8","3,188"
"2007","UHF 42","105","4","Crotona -Tremont","323.2","329.5","4,576"
"2007","UHF 42","106","4","High Bridge - Morrisania","278.5","286.9","3,990"
"2007","UHF 42","107","4","Hunts Point - Mott Haven","341.1","346.4","3,119"
"2007","UHF 42","201","4","Greenpoint","77.2","69.2","653"
"2007","UHF 42","202","4","Downtown - Heights - Slope","96.5","92.7","1,633"
"2007","UHF 42","203","4","Bedford Stuyvesant - Crown Heights","184.5","186.8","4,347"
"2007","UHF 42","204","4","East New York","169.8","174.8","2,222"
"2007","UHF 42","205","4","Sunset Park","79.3","76.8","719"
"2007","UHF 42","206","4","Borough Park","25.2","24.8","583"
"2007","UHF 42","207","4","East Flatbush - Flatbush","101.0","102.2","2,316"
"2007","UHF 42","208","4","Canarsie - Flatlands","71.1","70.0","1,033"
"2007","UHF 42","209","4","Bensonhurst - Bay Ridge","27.5","27.0","444"
"2007","UHF 42","210","4","Coney Island - Sheepshead Bay","46.9","45.0","1,037"
"2007","UHF 42","211","4","Williamsburg - Bushwick","204.8","205.9","2,998"
"2007","UHF 42","301","4","Washington Heights","102.6","103.2","2,076"
"2007","UHF 42","302","4","Central Harlem - Morningside Heights","305.6","306.7","3,836"
"2007","UHF 42","303","4","East Harlem","335.6","338.0","2,831"
"2007","UHF 42","304","4","Upper West Side","54.6","52.5","996"
"2007","UHF 42","305","4","Upper East Side","22.0","20.2","386"
"2007","UHF 42","306","4","Chelsea - Clinton","49.4","46.2","596"
"2007","UHF 42","307","4","Gramercy Park - Murray Hill","44.4","40.3","494"
"2007","UHF 42","308","4","Greenwich Village - SoHo","20.1","19.0","143"
"2007","UHF 42","309","4","Union Square - Lower East Side","79.9","78.0","1,348"
"2007","UHF 42","310","4","Lower Manhattan","46.8","48.1","197"
"2007","UHF 42","401","4","Long Island City - Astoria","56.3","53.9","946"
"2007","UHF 42","402","4","West Queens","36.4","36.2","1,348"
"2007","UHF 42","403","4","Flushing - Clearview","26.5","26.6","555"
"2007","UHF 42","404","4","Bayside - Little Neck","18.7","18.1","127"
"2007","UHF 42","405","4","Ridgewood - Forest Hills","29.8","29.3","571"
"2007","UHF 42","406","4","Fresh Meadows","43.4","43.3","319"
"2007","UHF 42","407","4","Southwest Queens","55.5","55.7","1,108"
"2007","UHF 42","408","4","Jamaica","74.6","74.9","1,597"
"2007","UHF 42","409","4","Southeast Queens","55.8","54.5","814"
"2007","UHF 42","410","4","Rockaways","91.6","89.5","715"
"2007","UHF 42","501","4","Port Richmond","122.5","126.6","610"
"2007","UHF 42","502","4","Stapleton - St. George","83.2","82.6","764"
"2007","UHF 42","503","4","Willowbrook","36.5","34.8","231"
"2007","UHF 42","504","4","South Beach - Tottenville","35.2","34.9","500"
"2006","Citywide","1","0","New York City","102.7","103.5","64,534"
"2006","Borough","1","1","Bronx","189.4","191.9","18,701"
"2006","Borough","2","1","Brooklyn","75.9","76.3","14,186"
"2006","Borough","3","1","Manhattan","146.3","144.6","19,238"
"2006","Borough","4","1","Queens","58.8","59.0","10,173"
"2006","Borough","5","1","Staten Island","64.7","64.3","2,236"
"2006","UHF 42","101","4","Kingsbridge - Riverdale","57.5","55.0","395"
"2006","UHF 42","102","4","Northeast Bronx","122.2","120.4","1,722"
"2006","UHF 42","103","4","Fordham - Bronx Pk","174.5","176.7","3,142"
"2006","UHF 42","104","4","Pelham - Throgs Neck","129.3","131.0","2,863"
"2006","UHF 42","105","4","Crotona -Tremont","304.2","312.0","4,294"
"2006","UHF 42","106","4","High Bridge - Morrisania","280.8","288.3","3,950"
"2006","UHF 42","107","4","Hunts Point - Mott Haven","319.1","326.5","2,890"
"2006","UHF 42","201","4","Greenpoint","63.0","57.4","533"
"2006","UHF 42","202","4","Downtown - Heights - Slope","100.3","97.1","1,696"
"2006","UHF 42","203","4","Bedford Stuyvesant - Crown Heights","171.0","173.7","4,020"
"2006","UHF 42","204","4","East New York","166.9","173.2","2,180"
"2006","UHF 42","205","4","Sunset Park","81.0","78.0","722"
"2006","UHF 42","206","4","Borough Park","25.5","24.9","579"
"2006","UHF 42","207","4","East Flatbush - Flatbush","102.5","103.5","2,353"
"2006","UHF 42","208","4","Canarsie - Flatlands","78.1","75.7","1,113"
"2006","UHF 42","209","4","Bensonhurst - Bay Ridge","24.7","24.3","394"
"2006","UHF 42","210","4","Coney Island - Sheepshead Bay","47.2","45.5","1,037"
"2006","UHF 42","211","4","Williamsburg - Bushwick","187.5","188.0","2,699"
"2006","UHF 42","301","4","Washington Heights","84.5","85.4","1,724"
"2006","UHF 42","302","4","Central Harlem - Morningside Heights","274.4","277.5","3,439"
"2006","UHF 42","303","4","East Harlem","342.7","342.7","2,857"
"2006","UHF 42","304","4","Upper West Side","53.4","51.7","982"
"2006","UHF 42","305","4","Upper East Side","24.5","22.3","426"
"2006","UHF 42","306","4","Chelsea - Clinton","63.8","59.7","760"
"2006","UHF 42","307","4","Gramercy Park - Murray Hill","46.0","41.9","509"
"2006","UHF 42","308","4","Greenwich Village - SoHo","19.4","18.7","141"
"2006","UHF 42","309","4","Union Square - Lower East Side","78.7","76.7","1,319"
"2006","UHF 42","310","4","Lower Manhattan","49.7","49.0","191"
"2006","UHF 42","401","4","Long Island City - Astoria","61.1","59.1","1,032"
"2006","UHF 42","402","4","West Queens","45.2","45.2","1,672"
"2006","UHF 42","403","4","Flushing - Clearview","24.6","24.7","512"
"2006","UHF 42","404","4","Bayside - Little Neck","17.4","17.9","125"
"2006","UHF 42","405","4","Ridgewood - Forest Hills","33.7","33.0","642"
"2006","UHF 42","406","4","Fresh Meadows","42.4","42.2","308"
"2006","UHF 42","407","4","Southwest Queens","59.1","59.1","1,172"
"2006","UHF 42","408","4","Jamaica","101.5","102.2","2,171"
"2006","UHF 42","409","4","Southeast Queens","60.3","59.3","885"
"2006","UHF 42","410","4","Rockaways","92.8","90.8","718"
"2006","UHF 42","501","4","Port Richmond","134.2","138.9","661"
"2006","UHF 42","502","4","Stapleton - St. George","86.8","86.9","798"
"2006","UHF 42","503","4","Willowbrook","33.9","33.1","219"
"2006","UHF 42","504","4","South Beach - Tottenville","34.6","33.8","481"
"2005","Citywide","1","0","New York City","99.5","100.3","62,425"
"2005","Borough","1","1","Bronx","184.5","187.1","18,188"
"2005","Borough","2","1","Brooklyn","77.4","77.9","14,447"
"2005","Borough","3","1","Manhattan","138.3","137.1","18,146"
"2005","Borough","4","1","Queens","55.3","55.4","9,559"
"2005","Borough","5","1","Staten Island","60.3","60.2","2,085"
"2005","UHF 42","101","4","Kingsbridge - Riverdale","54.1","52.2","376"
"2005","UHF 42","102","4","Northeast Bronx","115.7","112.0","1,604"
"2005","UHF 42","103","4","Fordham - Bronx Pk","151.4","155.4","2,762"
"2005","UHF 42","104","4","Pelham - Throgs Neck","116.2","117.3","2,562"
"2005","UHF 42","105","4","Crotona -Tremont","300.1","306.9","4,213"
"2005","UHF 42","106","4","High Bridge - Morrisania","250.7","257.9","3,504"
"2005","UHF 42","107","4","Hunts Point - Mott Haven","280.0","287.4","2,518"
"2005","UHF 42","201","4","Greenpoint","63.8","59.8","552"
"2005","UHF 42","202","4","Downtown - Heights - Slope","97.4","94.6","1,650"
"2005","UHF 42","203","4","Bedford Stuyvesant - Crown Heights","195.1","197.6","4,561"
"2005","UHF 42","204","4","East New York","166.3","171.4","2,143"
"2005","UHF 42","205","4","Sunset Park","95.6","89.7","826"
"2005","UHF 42","206","4","Borough Park","24.9","24.4","567"
"2005","UHF 42","207","4","East Flatbush - Flatbush","97.5","99.3","2,272"
"2005","UHF 42","208","4","Canarsie - Flatlands","65.2","64.2","945"
"2005","UHF 42","209","4","Bensonhurst - Bay Ridge","25.1","24.8","401"
"2005","UHF 42","210","4","Coney Island - Sheepshead Bay","37.8","35.4","806"
"2005","UHF 42","211","4","Williamsburg - Bushwick","225.3","224.6","3,193"
"2005","UHF 42","301","4","Washington Heights","97.7","98.9","2,001"
"2005","UHF 42","302","4","Central Harlem - Morningside Heights","286.4","290.6","3,556"
"2005","UHF 42","303","4","East Harlem","276.5","278.2","2,304"
"2005","UHF 42","304","4","Upper West Side","70.3","67.9","1,291"
"2005","UHF 42","305","4","Upper East Side","22.1","20.7","397"
"2005","UHF 42","306","4","Chelsea - Clinton","60.6","57.8","725"
"2005","UHF 42","307","4","Gramercy Park - Murray Hill","37.7","34.0","410"
"2005","UHF 42","308","4","Greenwich Village - SoHo","17.6","17.1","129"
"2005","UHF 42","309","4","Union Square - Lower East Side","70.2","68.5","1,172"
"2005","UHF 42","310","4","Lower Manhattan","47.3","45.0","166"
"2005","UHF 42","401","4","Long Island City - Astoria","54.5","53.1","928"
"2005","UHF 42","402","4","West Queens","41.6","41.3","1,530"
"2005","UHF 42","403","4","Flushing - Clearview","21.6","21.1","438"
"2005","UHF 42","404","4","Bayside - Little Neck","16.3","15.2","106"
"2005","UHF 42","405","4","Ridgewood - Forest Hills","43.3","42.9","837"
"2005","UHF 42","406","4","Fresh Meadows","38.3","37.7","275"
"2005","UHF 42","407","4","Southwest Queens","56.5","56.6","1,126"
"2005","UHF 42","408","4","Jamaica","90.8","90.9","1,931"
"2005","UHF 42","409","4","Southeast Queens","52.6","51.4","771"
"2005","UHF 42","410","4","Rockaways","96.9","94.8","746"
"2005","UHF 42","501","4","Port Richmond","117.0","123.3","580"
"2005","UHF 42","502","4","Stapleton - St. George","81.3","81.1","740"
"2005","UHF 42","503","4","Willowbrook","36.4","36.0","238"
"2005","UHF 42","504","4","South Beach - Tottenville","31.9","31.6","448"