Borough,BoroughCode,CB,bbc,Website,Email,Phone
Bronx,2,01,201,http://www.nyc.gov/html/bxcb1/html/home/home.shtml,brxcb1@optonline.net,718-585-7117
Bronx,2,02,202,https://www1.nyc.gov/site/bronxcb2/index.page,brxcb2@optonline.net,718-328-9125
Bronx,2,03,203,https://www1.nyc.gov/site/bronxcb3/index.page,eritter@cb.nyc.gov,718-378-8054
Bronx,2,04,204,http://www1.nyc.gov/site/bronxcb4/index.page,bx04@cb.nyc.gov,718-299-0800
Bronx,2,05,205,http://www.nyc.gov/html/bxcb5/html/home/home.shtml,bx05@cb.nyc.gov,718-364-2030
Bronx,2,06,206,http://bronxcb6.org/,bronxcb6@bronxcb6.org,718-579-6990
Bronx,2,07,207,https://www1.nyc.gov/site/bronxcb7/index.page,ibravo@cb.nyc.gov,718-933-5650
Bronx,2,08,208,https://cbbronx.cityofnewyork.us/cb8/,bx08@cb.nyc.gov,718-884-3959
Bronx,2,09,209,http://www.nyc.gov/html/bxcb9/html/home/home.shtml,bxbrd09@optonline.net,718-823-3034
Bronx,2,10,210,http://www1.nyc.gov/site/bronxcb10/index.page,bx10@cb.nyc.gov,718-892-1161
Bronx,2,11,211,http://www.nyc.gov/bxcb11,n/a,718-892-6262
Bronx,2,12,212,http://www1.nyc.gov/site/bronxcb12/index.page,gtorres@cb.nyc.gov,718-944-3300
Brooklyn,3,01,301,http://www.nyc.gov/brooklyncb1,bk01@cb.nyc.gov,718-389-0009
Brooklyn,3,02,302,https://cbbrooklyn.cityofnewyork.us/cb2/,bk02@cb.nyc.gov,718-596-5410
Brooklyn,3,03,303,http://www1.nyc.gov/site/brooklyncb3/index.page,bk03@cb.nyc.gov,718-622-6601
Brooklyn,3,04,304,http://www1.nyc.gov/site/brooklyncb4/index.page,bk04@cb.nyc.gov,718-628-8400
Brooklyn,3,05,305,http://www.brooklyncb5.org/,BK05@cb.nyc.gov,929-221-8261
Brooklyn,3,06,306,http://www1.nyc.gov/site/brooklyncb6/index.page,info@brooklyncb6.org,718-643-3027
Brooklyn,3,07,307,http://www1.nyc.gov/site/brooklyncb7/index.page,bk07@cb.nyc.gov,718-854-0003
Brooklyn,3,08,308,http://www.brooklyncb8.org/,brooklyncb8@gmail.com,718-467-5574
Brooklyn,3,09,309,https://www1.nyc.gov/site/brooklyncb9/index.page,bk09@cb.nyc.gov,718-778-9279
Brooklyn,3,10,310,https://cbbrooklyn.cityofnewyork.us/cb10/,bk10@cb.nyc.gov,718-745-6827
Brooklyn,3,11,311,http://www.brooklyncb11.org/,info@brooklyncb11.org,718-266-8800
Brooklyn,3,12,312,https://www1.nyc.gov/site/brooklyncb12/index.page,bk12@cb.nyc.gov,718-851-0800
Brooklyn,3,13,313,http://www1.nyc.gov/site/brooklyncb13/index.page,n/a,718-266-3001
Brooklyn,3,14,314,http://www.cb14brooklyn.com/,info@cb14brooklyn.com,718-859-6357
Brooklyn,3,15,315,http://www1.nyc.gov/site/brooklyncb15/index.page,bklcb15@verizon.net,718-332-3008
Brooklyn,3,16,316,http://www1.nyc.gov/site/brooklyncb16/index.page,bk16@cb.nyc.gov,718-385-0323
Brooklyn,3,17,317,https://cbbrooklyn.cityofnewyork.us/cb17/,bk17@cb.nyc.gov,718-434-3461
Brooklyn,3,18,318,https://www1.nyc.gov/site/brooklyncb18/index.page,bk18@cb.nyc.gov,718-241-0422
Manhattan,1,01,101,http://www1.nyc.gov/site/manhattancb1/index.page,man01@cb.nyc.gov,212-602-6300
Manhattan,1,02,102,https://cbmanhattan.cityofnewyork.us/cb2/,bgormley@cb.nyc.gov,212-979-2272
Manhattan,1,03,103,http://www.nyc.gov/manhattancb3,mn03@cb.nyc.gov,212-533-5300
Manhattan,1,04,104,https://cbmanhattan.cityofnewyork.us/cb4/,jbodine@cb.nyc.gov,212-736-4536
Manhattan,1,05,105,http://www.cb5.org/,office@cb5.org,212-465-0907
Manhattan,1,06,106,http://cbsix.org/,info@cbsix.org,212-319-3750
Manhattan,1,07,107,http://www.nyc.gov/mcb7,MN07@cb.nyc.gov,212-362-4008
Manhattan,1,08,108,http://www.cb8m.com/,info@cb8m.com,212-758-4340
Manhattan,1,09,109,http://www.cb9m.org/,nyc-cb9m@juno.com,212-864-6200
Manhattan,1,10,110,http://www.nyc.gov/html/mancb10/html/home/home.shtml,mn10@cb.nyc.gov,212.749.3105
Manhattan,1,11,111,http://www.cb11m.org/,mn11@cb.nyc.gov,212-831-8929
Manhattan,1,12,112,https://cbmanhattan.cityofnewyork.us/cb12/,ebsmith@cb.nyc.gov,212-568-8500
Queens,4,01,401,http://www1.nyc.gov/site/queenscb1/index.page,qn01@cb.nyc.gov,718-626-1021
Queens,4,02,402,http://www.nyc.gov/html/qnscb2/html/home/home.shtml,qn02@cb.nyc.gov,718-533-8773
Queens,4,03,403,https://queenscb3.cityofnewyork.us/,communityboard3@nyc.rr.com,718-458-2707
Queens,4,04,404,http://www1.nyc.gov/site/queenscb4/index.page,QN04@cb.nyc.gov,718-760-3141
Queens,4,05,405,http://www1.nyc.gov/site/queenscb5/index.page,qn05@cb.nyc.gov,718.366.1834
Queens,4,06,406,http://www1.nyc.gov/site/queenscb6/index.page,qn06@cb.nyc.gov,718-263-9250
Queens,4,07,407,https://www1.nyc.gov/site/queenscb7/index.page,qn07@cb.nyc.gov,718-359-2800
Queens,4,08,408,http://www1.nyc.gov/site/queenscb8/index.page,qn08@cb.nyc.gov,718-264-7895
Queens,4,09,409,http://www1.nyc.gov/site/queenscb9/index.page,qn09@cb.nyc.gov,718-286-2686
Queens,4,10,410,http://www1.nyc.gov/site/queenscb10/index.page,qn10@cb.nyc.gov,718-843-4488
Queens,4,11,411,http://www1.nyc.gov/site/queenscb11/index.page,cb11q@nyc.rr.com,718-225-1054
Queens,4,12,412,http://www.nyc.gov/qcb12,qn12@cb.nyc.gov,718-658-3308
Queens,4,13,413,http://www1.nyc.gov/site/queenscb13/index.page,mmcmillan@qcb13.org,718-464-9700
Queens,4,14,414,http://www1.nyc.gov/site/queenscb14/index.page,qn14@cb.nyc.gov,718-471-7300
Staten Island,5,01,501,http://www.nyc.gov/sicb1,sicb1@si.rr.com,718-981-6900
Staten Island,5,02,502,https://www1.nyc.gov/site/statenislandcb2/index.page,dderrico@cb.nyc.gov,718-568-3581
Staten Island,5,03,503,http://www.nyc.gov/sicb3,sicb3@cb.nyc.gov,718 356-7900