Time,GeoTypeDesc,GeoID,GeoRank,Geography,Number,Percent,Note
2020,Citywide,1,0,New York City,"23,215",91.7,Through 3/31/2020
2020,Borough,1,1,Bronx,"2,008",89.2,Through 3/31/2021
2020,Borough,2,1,Brooklyn,"5,806",91.9,Through 3/31/2022
2020,Borough,3,1,Manhattan,"9,282",92.3,Through 3/31/2023
2020,Borough,4,1,Queens,"5,243",91.2,Through 3/31/2024
2020,Borough,5,1,Staten Island,850,92.6,Through 3/31/2025
2020,UHF 42,101,4,Kingsbridge - Riverdale,148,90.8,Through 3/31/2026
2020,UHF 42,102,4,Northeast Bronx,244,91.7,Through 3/31/2027
2020,UHF 42,103,4,Fordham - Bronx Pk,368,86.6,Through 3/31/2028
2020,UHF 42,104,4,Pelham - Throgs Neck,498,93.1,Through 3/31/2029
2020,UHF 42,105,4,Crotona -Tremont,215,87.4,Through 3/31/2030
2020,UHF 42,106,4,High Bridge - Morrisania,294,86.7,Through 3/31/2031
2020,UHF 42,107,4,Hunts Point - Mott Haven,241,87.3,Through 3/31/2032
2020,UHF 42,201,4,Greenpoint,513,90.3,Through 3/31/2033
2020,UHF 42,202,4,Downtown - Heights - Slope,"1,391",93.7,Through 3/31/2034
2020,UHF 42,203,4,Bedford Stuyvesant - Crown Heights,630,91.6,Through 3/31/2035
2020,UHF 42,204,4,East New York,221,91.7,Through 3/31/2036
2020,UHF 42,205,4,Sunset Park,454,90.3,Through 3/31/2037
2020,UHF 42,206,4,Borough Park,425,90.2,Through 3/31/2038
2020,UHF 42,207,4,East Flatbush - Flatbush,462,90.4,Through 3/31/2039
2020,UHF 42,208,4,Canarsie - Flatlands,268,93.4,Through 3/31/2040
2020,UHF 42,209,4,Bensonhurst - Bay Ridge,464,93.2,Through 3/31/2041
2020,UHF 42,210,4,Coney Island - Sheepshead Bay,490,91.8,Through 3/31/2042
2020,UHF 42,211,4,Williamsburg - Bushwick,488,91.9,Through 3/31/2043
2020,UHF 42,301,4,Washington Heights,439,86.4,Through 3/31/2044
2020,UHF 42,302,4,Central Harlem - Morningside Heights,314,89,Through 3/31/2045
2020,UHF 42,303,4,East Harlem,251,91.3,Through 3/31/2046
2020,UHF 42,304,4,Upper West Side,537,91.2,Through 3/31/2047
2020,UHF 42,305,4,Upper East Side,675,92.5,Through 3/31/2048
2020,UHF 42,306,4,Chelsea - Clinton,"2,640",94.2,Through 3/31/2049
2020,UHF 42,307,4,Gramercy Park - Murray Hill,"1,350",92.9,Through 3/31/2050
2020,UHF 42,308,4,Greenwich Village - SoHo,"1,190",92.9,Through 3/31/2051
2020,UHF 42,309,4,Union Square - Lower East Side,"1,271",90.2,Through 3/31/2052
2020,UHF 42,310,4,Lower Manhattan,615,94.2,Through 3/31/2053
2020,UHF 42,401,4,Long Island City - Astoria,908,92.4,Through 3/31/2054
2020,UHF 42,402,4,West Queens,"1,162",91.2,Through 3/31/2055
2020,UHF 42,403,4,Flushing - Clearview,786,88.3,Through 3/31/2056
2020,UHF 42,404,4,Bayside - Little Neck,230,93.9,Through 3/31/2057
2020,UHF 42,405,4,Ridgewood - Forest Hills,567,92.8,Through 3/31/2058
2020,UHF 42,406,4,Fresh Meadows,149,91.4,Through 3/31/2059
2020,UHF 42,407,4,Southwest Queens,466,88.1,Through 3/31/2060
2020,UHF 42,408,4,Jamaica,583,93.3,Through 3/31/2061
2020,UHF 42,409,4,Southeast Queens,237,90.8,Through 3/31/2062
2020,UHF 42,410,4,Rockaways,155,93.9,Through 3/31/2063
2020,UHF 42,501,4,Port Richmond,139,89.1,Through 3/31/2064
2020,UHF 42,502,4,Stapleton - St. George,225,91.8,Through 3/31/2065
2020,UHF 42,503,4,Willowbrook,170,92.4,Through 3/31/2066
2020,UHF 42,504,4,South Beach - Tottenville,316,94.9,Through 3/31/2067
2019,Citywide,1,0,New York City,"22,084",90.3,
2019,Borough,1,1,Bronx,"1,908",87.1,
2019,Borough,2,1,Brooklyn,"5,500",90.3,
2019,Borough,3,1,Manhattan,"8,828",90.9,
2019,Borough,4,1,Queens,"5,001",90.3,
2019,Borough,5,1,Staten Island,822,92.2,
2019,UHF 42,101,4,Kingsbridge - Riverdale,140,88.1,
2019,UHF 42,102,4,Northeast Bronx,236,91.1,
2019,UHF 42,103,4,Fordham - Bronx Pk,348,84.7,
2019,UHF 42,104,4,Pelham - Throgs Neck,476,91.2,
2019,UHF 42,105,4,Crotona -Tremont,203,84.9,
2019,UHF 42,106,4,High Bridge - Morrisania,276,83.6,
2019,UHF 42,107,4,Hunts Point - Mott Haven,229,84.8,
2019,UHF 42,201,4,Greenpoint,484,88.6,
2019,UHF 42,202,4,Downtown - Heights - Slope,"1,331",91.8,
2019,UHF 42,203,4,Bedford Stuyvesant - Crown Heights,597,89.8,
2019,UHF 42,204,4,East New York,212,90.6,
2019,UHF 42,205,4,Sunset Park,395,84.9,
2019,UHF 42,206,4,Borough Park,414,91.6,
2019,UHF 42,207,4,East Flatbush - Flatbush,437,89.4,
2019,UHF 42,208,4,Canarsie - Flatlands,257,91.5,
2019,UHF 42,209,4,Bensonhurst - Bay Ridge,448,92.8,
2019,UHF 42,210,4,Coney Island - Sheepshead Bay,474,91.7,
2019,UHF 42,211,4,Williamsburg - Bushwick,451,89,
2019,UHF 42,301,4,Washington Heights,408,84,
2019,UHF 42,302,4,Central Harlem - Morningside Heights,296,87.6,
2019,UHF 42,303,4,East Harlem,236,89.4,
2019,UHF 42,304,4,Upper West Side,513,89.2,
2019,UHF 42,305,4,Upper East Side,657,91.8,
2019,UHF 42,306,4,Chelsea - Clinton,"2,496",92.8,
2019,UHF 42,307,4,Gramercy Park - Murray Hill,"1,301",92.1,
2019,UHF 42,308,4,Greenwich Village - SoHo,"1,135",91.3,
2019,UHF 42,309,4,Union Square - Lower East Side,"1,195",88.3,
2019,UHF 42,310,4,Lower Manhattan,591,92.2,
2019,UHF 42,401,4,Long Island City - Astoria,865,91.5,
2019,UHF 42,402,4,West Queens,"1,104",89.7,
2019,UHF 42,403,4,Flushing - Clearview,742,87.8,
2019,UHF 42,404,4,Bayside - Little Neck,225,93.4,
2019,UHF 42,405,4,Ridgewood - Forest Hills,548,92.6,
2019,UHF 42,406,4,Fresh Meadows,140,91.5,
2019,UHF 42,407,4,Southwest Queens,439,86.1,
2019,UHF 42,408,4,Jamaica,568,92.8,
2019,UHF 42,409,4,Southeast Queens,223,88.5,
2019,UHF 42,410,4,Rockaways,147,92.5,
2019,UHF 42,501,4,Port Richmond,136,88.9,
2019,UHF 42,502,4,Stapleton - St. George,219,91.3,
2019,UHF 42,503,4,Willowbrook,161,91,
2019,UHF 42,504,4,South Beach - Tottenville,306,95,
2018,Citywide,1,0,New York City,"21,853",89.2,
2018,Borough,1,1,Bronx,"1,959",88.7,
2018,Borough,2,1,Brooklyn,"5,396",89,
2018,Borough,3,1,Manhattan,"8,765",89.6,
2018,Borough,4,1,Queens,"4,936",89.3,
2018,Borough,5,1,Staten Island,780,87.9,
2018,UHF 42,101,4,Kingsbridge - Riverdale,144,88.3,
2018,UHF 42,102,4,Northeast Bronx,238,89.5,
2018,UHF 42,103,4,Fordham - Bronx Pk,359,85.5,
2018,UHF 42,104,4,Pelham - Throgs Neck,466,89.6,
2018,UHF 42,105,4,Crotona -Tremont,219,91.3,
2018,UHF 42,106,4,High Bridge - Morrisania,302,91.2,
2018,UHF 42,107,4,Hunts Point - Mott Haven,231,86.2,
2018,UHF 42,201,4,Greenpoint,494,90.3,
2018,UHF 42,202,4,Downtown - Heights - Slope,"1,304",91.6,
2018,UHF 42,203,4,Bedford Stuyvesant - Crown Heights,590,89.7,
2018,UHF 42,204,4,East New York,213,88.8,
2018,UHF 42,205,4,Sunset Park,384,85.3,
2018,UHF 42,206,4,Borough Park,392,85.4,
2018,UHF 42,207,4,East Flatbush - Flatbush,434,85.4,
2018,UHF 42,208,4,Canarsie - Flatlands,270,93.4,
2018,UHF 42,209,4,Bensonhurst - Bay Ridge,416,88.3,
2018,UHF 42,210,4,Coney Island - Sheepshead Bay,466,88.1,
2018,UHF 42,211,4,Williamsburg - Bushwick,433,88.4,
2018,UHF 42,301,4,Washington Heights,395,80.8,
2018,UHF 42,302,4,Central Harlem - Morningside Heights,314,90.5,
2018,UHF 42,303,4,East Harlem,233,84.7,
2018,UHF 42,304,4,Upper West Side,500,87.6,
2018,UHF 42,305,4,Upper East Side,647,88.9,
2018,UHF 42,306,4,Chelsea - Clinton,"2,469",91.5,
2018,UHF 42,307,4,Gramercy Park - Murray Hill,"1,311",91,
2018,UHF 42,308,4,Greenwich Village - SoHo,"1,102",88.6,
2018,UHF 42,309,4,Union Square - Lower East Side,"1,206",88.8,
2018,UHF 42,310,4,Lower Manhattan,588,93,
2018,UHF 42,401,4,Long Island City - Astoria,851,89.9,
2018,UHF 42,402,4,West Queens,"1,096",88.6,
2018,UHF 42,403,4,Flushing - Clearview,741,86.7,
2018,UHF 42,404,4,Bayside - Little Neck,216,93.9,
2018,UHF 42,405,4,Ridgewood - Forest Hills,526,90.5,
2018,UHF 42,406,4,Fresh Meadows,141,91.6,
2018,UHF 42,407,4,Southwest Queens,443,87.4,
2018,UHF 42,408,4,Jamaica,553,91.3,
2018,UHF 42,409,4,Southeast Queens,220,89.1,
2018,UHF 42,410,4,Rockaways,149,91.4,
2018,UHF 42,501,4,Port Richmond,125,83.3,
2018,UHF 42,502,4,Stapleton - St. George,199,84.3,
2018,UHF 42,503,4,Willowbrook,163,92.6,
2018,UHF 42,504,4,South Beach - Tottenville,293,90.2,
2017,Citywide,1,0,New York City,"21,335",90.3,
2017,Borough,1,1,Bronx,"1,964",90.8,
2017,Borough,2,1,Brooklyn,"5,179",90,
2017,Borough,3,1,Manhattan,"8,614",90.5,
2017,Borough,4,1,Queens,"4,817",90.6,
2017,Borough,5,1,Staten Island,744,87.8,
2017,UHF 42,101,4,Kingsbridge - Riverdale,143,88.8,
2017,UHF 42,102,4,Northeast Bronx,235,90.7,
2017,UHF 42,103,4,Fordham - Bronx Pk,369,90.4,
2017,UHF 42,104,4,Pelham - Throgs Neck,484,93.1,
2017,UHF 42,105,4,Crotona -Tremont,203,88.3,
2017,UHF 42,106,4,High Bridge - Morrisania,297,92,
2017,UHF 42,107,4,Hunts Point - Mott Haven,233,88.6,
2017,UHF 42,201,4,Greenpoint,475,91.3,
2017,UHF 42,202,4,Downtown - Heights - Slope,"1,258",92.2,
2017,UHF 42,203,4,Bedford Stuyvesant - Crown Heights,557,90,
2017,UHF 42,204,4,East New York,200,88.1,
2017,UHF 42,205,4,Sunset Park,344,84.1,
2017,UHF 42,206,4,Borough Park,370,85.5,
2017,UHF 42,207,4,East Flatbush - Flatbush,451,90.6,
2017,UHF 42,208,4,Canarsie - Flatlands,254,91,
2017,UHF 42,209,4,Bensonhurst - Bay Ridge,409,91.1,
2017,UHF 42,210,4,Coney Island - Sheepshead Bay,471,91.1,
2017,UHF 42,211,4,Williamsburg - Bushwick,390,88.4,
2017,UHF 42,301,4,Washington Heights,416,87.4,
2017,UHF 42,302,4,Central Harlem - Morningside Heights,291,87.7,
2017,UHF 42,303,4,East Harlem,231,85.2,
2017,UHF 42,304,4,Upper West Side,513,91.8,
2017,UHF 42,305,4,Upper East Side,653,89.8,
2017,UHF 42,306,4,Chelsea - Clinton,"2,394",91.6,
2017,UHF 42,307,4,Gramercy Park - Murray Hill,"1,277",90.2,
2017,UHF 42,308,4,Greenwich Village - SoHo,"1,085",90.3,
2017,UHF 42,309,4,Union Square - Lower East Side,"1,170",90.1,
2017,UHF 42,310,4,Lower Manhattan,584,93.3,
2017,UHF 42,401,4,Long Island City - Astoria,834,92.3,
2017,UHF 42,402,4,West Queens,"1,062",89.2,
2017,UHF 42,403,4,Flushing - Clearview,698,87.9,
2017,UHF 42,404,4,Bayside - Little Neck,214,94.7,
2017,UHF 42,405,4,Ridgewood - Forest Hills,513,90.8,
2017,UHF 42,406,4,Fresh Meadows,125,88.7,
2017,UHF 42,407,4,Southwest Queens,452,90.8,
2017,UHF 42,408,4,Jamaica,551,91.8,
2017,UHF 42,409,4,Southeast Queens,227,91.5,
2017,UHF 42,410,4,Rockaways,141,93.4,
2017,UHF 42,501,4,Port Richmond,119,84.4,
2017,UHF 42,502,4,Stapleton - St. George,191,84.1,
2017,UHF 42,503,4,Willowbrook,153,92.2,
2017,UHF 42,504,4,South Beach - Tottenville,281,89.8,
2016,Citywide,1,0,New York City,"22,081",90.1,
2016,Borough,1,1,Bronx,"1,988",88,
2016,Borough,2,1,Brooklyn,"5,301",89.1,
2016,Borough,3,1,Manhattan,"8,899",90.6,
2016,Borough,4,1,Queens,"5,072",91.1,
2016,Borough,5,1,Staten Island,808,89.9,
2016,UHF 42,101,4,Kingsbridge - Riverdale,151,87.3,
2016,UHF 42,102,4,Northeast Bronx,247,90.5,
2016,UHF 42,103,4,Fordham - Bronx Pk,373,87.1,
2016,UHF 42,104,4,Pelham - Throgs Neck,468,88,
2016,UHF 42,105,4,Crotona -Tremont,218,87.6,
2016,UHF 42,106,4,High Bridge - Morrisania,306,89.5,
2016,UHF 42,107,4,Hunts Point - Mott Haven,225,85.9,
2016,UHF 42,201,4,Greenpoint,514,91.6,
2016,UHF 42,202,4,Downtown - Heights - Slope,"1,251",91.4,
2016,UHF 42,203,4,Bedford Stuyvesant - Crown Heights,579,88.3,
2016,UHF 42,204,4,East New York,204,87.9,
2016,UHF 42,205,4,Sunset Park,346,84.8,
2016,UHF 42,206,4,Borough Park,394,85.8,
2016,UHF 42,207,4,East Flatbush - Flatbush,454,88.2,
2016,UHF 42,208,4,Canarsie - Flatlands,253,89.7,
2016,UHF 42,209,4,Bensonhurst - Bay Ridge,423,89.1,
2016,UHF 42,210,4,Coney Island - Sheepshead Bay,489,89.1,
2016,UHF 42,211,4,Williamsburg - Bushwick,394,88.7,
2016,UHF 42,301,4,Washington Heights,418,85.3,
2016,UHF 42,302,4,Central Harlem - Morningside Heights,285,85.3,
2016,UHF 42,303,4,East Harlem,234,86.3,
2016,UHF 42,304,4,Upper West Side,558,91.3,
2016,UHF 42,305,4,Upper East Side,710,92.9,
2016,UHF 42,306,4,Chelsea - Clinton,"2,439",92.4,
2016,UHF 42,307,4,Gramercy Park - Murray Hill,"1,335",91.1,
2016,UHF 42,308,4,Greenwich Village - SoHo,"1,114",89.1,
2016,UHF 42,309,4,Union Square - Lower East Side,"1,241",89.5,
2016,UHF 42,310,4,Lower Manhattan,565,91.9,
2016,UHF 42,401,4,Long Island City - Astoria,875,93.5,
2016,UHF 42,402,4,West Queens,"1,123",90.3,
2016,UHF 42,403,4,Flushing - Clearview,762,89.1,
2016,UHF 42,404,4,Bayside - Little Neck,197,89.1,
2016,UHF 42,405,4,Ridgewood - Forest Hills,543,93,
2016,UHF 42,406,4,Fresh Meadows,135,91.2,
2016,UHF 42,407,4,Southwest Queens,465,88.9,
2016,UHF 42,408,4,Jamaica,585,92.1,
2016,UHF 42,409,4,Southeast Queens,231,88.5,
2016,UHF 42,410,4,Rockaways,156,96.3,
2016,UHF 42,501,4,Port Richmond,135,88.8,
2016,UHF 42,502,4,Stapleton - St. George,222,91.7,
2016,UHF 42,503,4,Willowbrook,160,91.4,
2016,UHF 42,504,4,South Beach - Tottenville,291,88.2,
2015,Citywide,1,0,New York City,"21,701",89.3,
2015,Borough,1,1,Bronx,"2,005",88.9,
2015,Borough,2,1,Brooklyn,"5,200",89.3,
2015,Borough,3,1,Manhattan,"8,859",90.2,
2015,Borough,4,1,Queens,"4,822",87.7,
2015,Borough,5,1,Staten Island,796,89.1,
2015,UHF 42,101,4,Kingsbridge - Riverdale,162,94.7,
2015,UHF 42,102,4,Northeast Bronx,245,89.4,
2015,UHF 42,103,4,Fordham - Bronx Pk,386,88.7,
2015,UHF 42,104,4,Pelham - Throgs Neck,474,88.6,
2015,UHF 42,105,4,Crotona -Tremont,214,91.1,
2015,UHF 42,106,4,High Bridge - Morrisania,297,87.6,
2015,UHF 42,107,4,Hunts Point - Mott Haven,227,85.3,
2015,UHF 42,201,4,Greenpoint,482,90.9,
2015,UHF 42,202,4,Downtown - Heights - Slope,"1,235",91.5,
2015,UHF 42,203,4,Bedford Stuyvesant - Crown Heights,566,90,
2015,UHF 42,204,4,East New York,205,86.1,
2015,UHF 42,205,4,Sunset Park,329,82.5,
2015,UHF 42,206,4,Borough Park,399,88.3,
2015,UHF 42,207,4,East Flatbush - Flatbush,448,88,
2015,UHF 42,208,4,Canarsie - Flatlands,247,90.1,
2015,UHF 42,209,4,Bensonhurst - Bay Ridge,432,90.8,
2015,UHF 42,210,4,Coney Island - Sheepshead Bay,489,89.6,
2015,UHF 42,211,4,Williamsburg - Bushwick,368,88,
2015,UHF 42,301,4,Washington Heights,422,85.9,
2015,UHF 42,302,4,Central Harlem - Morningside Heights,278,84.2,
2015,UHF 42,303,4,East Harlem,224,83.6,
2015,UHF 42,304,4,Upper West Side,543,90,
2015,UHF 42,305,4,Upper East Side,703,91.5,
2015,UHF 42,306,4,Chelsea - Clinton,"2,416",91.5,
2015,UHF 42,307,4,Gramercy Park - Murray Hill,"1,347",90.7,
2015,UHF 42,308,4,Greenwich Village - SoHo,"1,139",90.5,
2015,UHF 42,309,4,Union Square - Lower East Side,"1,228",88.9,
2015,UHF 42,310,4,Lower Manhattan,559,93.5,
2015,UHF 42,401,4,Long Island City - Astoria,849,92.3,
2015,UHF 42,402,4,West Queens,"1,063",86.1,
2015,UHF 42,403,4,Flushing - Clearview,689,83.8,
2015,UHF 42,404,4,Bayside - Little Neck,192,86.9,
2015,UHF 42,405,4,Ridgewood - Forest Hills,501,87.9,
2015,UHF 42,406,4,Fresh Meadows,145,95.4,
2015,UHF 42,407,4,Southwest Queens,450,86.4,
2015,UHF 42,408,4,Jamaica,575,90.6,
2015,UHF 42,409,4,Southeast Queens,222,84.7,
2015,UHF 42,410,4,Rockaways,136,83.4,
2015,UHF 42,501,4,Port Richmond,126,86.9,
2015,UHF 42,502,4,Stapleton - St. George,203,86.8,
2015,UHF 42,503,4,Willowbrook,150,86.2,
2015,UHF 42,504,4,South Beach - Tottenville,317,93.2,
2014,Citywide,1,0,New York City,"20,402",84.8,
2014,Borough,1,1,Bronx,"1,901",85.2,
2014,Borough,2,1,Brooklyn,"4,887",84.8,
2014,Borough,3,1,Manhattan,"8,329",85.1,
2014,Borough,4,1,Queens,"4,501",83.7,
2014,Borough,5,1,Staten Island,776,86.4,
2014,UHF 42,101,4,Kingsbridge - Riverdale,135,85.4,
2014,UHF 42,102,4,Northeast Bronx,221,81.9,
2014,UHF 42,103,4,Fordham - Bronx Pk,360,82.8,
2014,UHF 42,104,4,Pelham - Throgs Neck,471,88.5,
2014,UHF 42,105,4,Crotona -Tremont,200,86.2,
2014,UHF 42,106,4,High Bridge - Morrisania,286,85.9,
2014,UHF 42,107,4,Hunts Point - Mott Haven,228,83.8,
2014,UHF 42,201,4,Greenpoint,448,85.7,
2014,UHF 42,202,4,Downtown - Heights - Slope,"1,173",87.5,
2014,UHF 42,203,4,Bedford Stuyvesant - Crown Heights,528,85,
2014,UHF 42,204,4,East New York,190,83.3,
2014,UHF 42,205,4,Sunset Park,301,75.6,
2014,UHF 42,206,4,Borough Park,385,84.2,
2014,UHF 42,207,4,East Flatbush - Flatbush,410,82.3,
2014,UHF 42,208,4,Canarsie - Flatlands,250,92.9,
2014,UHF 42,209,4,Bensonhurst - Bay Ridge,403,83.8,
2014,UHF 42,210,4,Coney Island - Sheepshead Bay,462,84.6,
2014,UHF 42,211,4,Williamsburg - Bushwick,337,83.2,
2014,UHF 42,301,4,Washington Heights,389,79.7,
2014,UHF 42,302,4,Central Harlem - Morningside Heights,260,81.5,
2014,UHF 42,303,4,East Harlem,223,82.6,
2014,UHF 42,304,4,Upper West Side,514,83.8,
2014,UHF 42,305,4,Upper East Side,650,84.1,
2014,UHF 42,306,4,Chelsea - Clinton,"2,298",88.1,
2014,UHF 42,307,4,Gramercy Park - Murray Hill,"1,251",84.6,
2014,UHF 42,308,4,Greenwich Village - SoHo,"1,060",84.1,
2014,UHF 42,309,4,Union Square - Lower East Side,"1,176",84.2,
2014,UHF 42,310,4,Lower Manhattan,508,87.3,
2014,UHF 42,401,4,Long Island City - Astoria,776,85.8,
2014,UHF 42,402,4,West Queens,"1,008",83,
2014,UHF 42,403,4,Flushing - Clearview,623,78.5,
2014,UHF 42,404,4,Bayside - Little Neck,193,87.3,
2014,UHF 42,405,4,Ridgewood - Forest Hills,470,84.4,
2014,UHF 42,406,4,Fresh Meadows,132,90.4,
2014,UHF 42,407,4,Southwest Queens,419,83,
2014,UHF 42,408,4,Jamaica,557,88.4,
2014,UHF 42,409,4,Southeast Queens,201,79.1,
2014,UHF 42,410,4,Rockaways,122,80.3,
2014,UHF 42,501,4,Port Richmond,121,81.8,
2014,UHF 42,502,4,Stapleton - St. George,210,86.8,
2014,UHF 42,503,4,Willowbrook,149,82.3,
2014,UHF 42,504,4,South Beach - Tottenville,296,90.5,
2013,Citywide,1,0,New York City,"19,457",82.5,
2013,Borough,1,1,Bronx,"1,903",85.6,
2013,Borough,2,1,Brooklyn,"4,661",82,
2013,Borough,3,1,Manhattan,"7,893",82.8,
2013,Borough,4,1,Queens,"4,223",80.7,
2013,Borough,5,1,Staten Island,759,84.9,
2013,UHF 42,101,4,Kingsbridge - Riverdale,146,86.4,
2013,UHF 42,102,4,Northeast Bronx,218,89,
2013,UHF 42,103,4,Fordham - Bronx Pk,372,83,
2013,UHF 42,104,4,Pelham - Throgs Neck,447,85.5,
2013,UHF 42,105,4,Crotona -Tremont,202,87.1,
2013,UHF 42,106,4,High Bridge - Morrisania,282,83.9,
2013,UHF 42,107,4,Hunts Point - Mott Haven,236,87.7,
2013,UHF 42,201,4,Greenpoint,425,82.8,
2013,UHF 42,202,4,Downtown - Heights - Slope,"1,141",84.7,
2013,UHF 42,203,4,Bedford Stuyvesant - Crown Heights,477,79.8,
2013,UHF 42,204,4,East New York,196,82.4,
2013,UHF 42,205,4,Sunset Park,283,72.6,
2013,UHF 42,206,4,Borough Park,340,75.7,
2013,UHF 42,207,4,East Flatbush - Flatbush,413,83.8,
2013,UHF 42,208,4,Canarsie - Flatlands,221,83.7,
2013,UHF 42,209,4,Bensonhurst - Bay Ridge,390,83.5,
2013,UHF 42,210,4,Coney Island - Sheepshead Bay,449,84.2,
2013,UHF 42,211,4,Williamsburg - Bushwick,326,83.8,
2013,UHF 42,301,4,Washington Heights,376,80.9,
2013,UHF 42,302,4,Central Harlem - Morningside Heights,231,76.2,
2013,UHF 42,303,4,East Harlem,218,80.7,
2013,UHF 42,304,4,Upper West Side,507,83.7,
2013,UHF 42,305,4,Upper East Side,653,83.2,
2013,UHF 42,306,4,Chelsea - Clinton,"2,153",86.2,
2013,UHF 42,307,4,Gramercy Park - Murray Hill,"1,200",83,
2013,UHF 42,308,4,Greenwich Village - SoHo,988,80.1,
2013,UHF 42,309,4,Union Square - Lower East Side,"1,097",79.8,
2013,UHF 42,310,4,Lower Manhattan,470,84.7,
2013,UHF 42,401,4,Long Island City - Astoria,718,82.3,
2013,UHF 42,402,4,West Queens,961,80.2,
2013,UHF 42,403,4,Flushing - Clearview,560,74.3,
2013,UHF 42,404,4,Bayside - Little Neck,176,82.6,
2013,UHF 42,405,4,Ridgewood - Forest Hills,447,80.8,
2013,UHF 42,406,4,Fresh Meadows,121,82.9,
2013,UHF 42,407,4,Southwest Queens,418,83.6,
2013,UHF 42,408,4,Jamaica,519,84.3,
2013,UHF 42,409,4,Southeast Queens,202,81.1,
2013,UHF 42,410,4,Rockaways,101,78.3,
2013,UHF 42,501,4,Port Richmond,120,75,
2013,UHF 42,502,4,Stapleton - St. George,201,85.9,
2013,UHF 42,503,4,Willowbrook,154,88,
2013,UHF 42,504,4,South Beach - Tottenville,284,87.4,
2012,Citywide,1,0,New York City,"18,989",81.9,
2012,Borough,1,1,Bronx,"1,838",83.2,
2012,Borough,2,1,Brooklyn,"4,347",80.1,
2012,Borough,3,1,Manhattan,"7,875",83.3,
2012,Borough,4,1,Queens,"4,146",80.1,
2012,Borough,5,1,Staten Island,779,86.7,
2012,UHF 42,101,4,Kingsbridge - Riverdale,149,88.7,
2012,UHF 42,102,4,Northeast Bronx,207,83.1,
2012,UHF 42,103,4,Fordham - Bronx Pk,369,84.4,
2012,UHF 42,104,4,Pelham - Throgs Neck,432,83.9,
2012,UHF 42,105,4,Crotona -Tremont,199,83.6,
2012,UHF 42,106,4,High Bridge - Morrisania,264,78.8,
2012,UHF 42,107,4,Hunts Point - Mott Haven,218,81.3,
2012,UHF 42,201,4,Greenpoint,464,84.1,
2012,UHF 42,202,4,Downtown - Heights - Slope,947,82.3,
2012,UHF 42,203,4,Bedford Stuyvesant - Crown Heights,459,79.4,
2012,UHF 42,204,4,East New York,184,80,
2012,UHF 42,205,4,Sunset Park,274,69.9,
2012,UHF 42,206,4,Borough Park,345,77.5,
2012,UHF 42,207,4,East Flatbush - Flatbush,372,75.6,
2012,UHF 42,208,4,Canarsie - Flatlands,219,86.6,
2012,UHF 42,209,4,Bensonhurst - Bay Ridge,382,82.9,
2012,UHF 42,210,4,Coney Island - Sheepshead Bay,434,80.5,
2012,UHF 42,211,4,Williamsburg - Bushwick,267,79.9,
2012,UHF 42,301,4,Washington Heights,353,78.1,
2012,UHF 42,302,4,Central Harlem - Morningside Heights,245,83.1,
2012,UHF 42,303,4,East Harlem,217,81.9,
2012,UHF 42,304,4,Upper West Side,489,83.2,
2012,UHF 42,305,4,Upper East Side,661,84.5,
2012,UHF 42,306,4,Chelsea - Clinton,"2,105",86,
2012,UHF 42,307,4,Gramercy Park - Murray Hill,"1,221",83.1,
2012,UHF 42,308,4,Greenwich Village - SoHo,"1,002",81.8,
2012,UHF 42,309,4,Union Square - Lower East Side,"1,079",79.9,
2012,UHF 42,310,4,Lower Manhattan,503,86.1,
2012,UHF 42,401,4,Long Island City - Astoria,676,79.2,
2012,UHF 42,402,4,West Queens,923,78.5,
2012,UHF 42,403,4,Flushing - Clearview,573,76.5,
2012,UHF 42,404,4,Bayside - Little Neck,172,80,
2012,UHF 42,405,4,Ridgewood - Forest Hills,440,81.8,
2012,UHF 42,406,4,Fresh Meadows,126,85.1,
2012,UHF 42,407,4,Southwest Queens,395,81.3,
2012,UHF 42,408,4,Jamaica,524,84.5,
2012,UHF 42,409,4,Southeast Queens,207,81.8,
2012,UHF 42,410,4,Rockaways,110,78.6,
2012,UHF 42,501,4,Port Richmond,137,85.1,
2012,UHF 42,502,4,Stapleton - St. George,198,82.8,
2012,UHF 42,503,4,Willowbrook,151,90.4,
2012,UHF 42,504,4,South Beach - Tottenville,293,88.3,
2011,Citywide,1,0,New York City,"16,513",72.3,
2011,Borough,1,1,Bronx,"1,625",73.5,
2011,Borough,2,1,Brooklyn,"3,805",71.1,
2011,Borough,3,1,Manhattan,"6,821",73.8,
2011,Borough,4,1,Queens,"3,516",69,
2011,Borough,5,1,Staten Island,716,79.1,
2011,UHF 42,101,4,Kingsbridge - Riverdale,128,75.7,
2011,UHF 42,102,4,Northeast Bronx,196,78.4,
2011,UHF 42,103,4,Fordham - Bronx Pk,313,71.6,
2011,UHF 42,104,4,Pelham - Throgs Neck,381,73.6,
2011,UHF 42,105,4,Crotona -Tremont,164,74.5,
2011,UHF 42,106,4,High Bridge - Morrisania,246,72.6,
2011,UHF 42,107,4,Hunts Point - Mott Haven,197,71.1,
2011,UHF 42,201,4,Greenpoint,400,73.3,
2011,UHF 42,202,4,Downtown - Heights - Slope,797,72.7,
2011,UHF 42,203,4,Bedford Stuyvesant - Crown Heights,385,68.8,
2011,UHF 42,204,4,East New York,153,66.8,
2011,UHF 42,205,4,Sunset Park,240,61.9,
2011,UHF 42,206,4,Borough Park,311,67.8,
2011,UHF 42,207,4,East Flatbush - Flatbush,337,69.1,
2011,UHF 42,208,4,Canarsie - Flatlands,173,68.9,
2011,UHF 42,209,4,Bensonhurst - Bay Ridge,355,76.8,
2011,UHF 42,210,4,Coney Island - Sheepshead Bay,411,75.3,
2011,UHF 42,211,4,Williamsburg - Bushwick,243,74.5,
2011,UHF 42,301,4,Washington Heights,311,70.7,
2011,UHF 42,302,4,Central Harlem - Morningside Heights,220,74.6,
2011,UHF 42,303,4,East Harlem,181,69.3,
2011,UHF 42,304,4,Upper West Side,411,72.1,
2011,UHF 42,305,4,Upper East Side,572,73.7,
2011,UHF 42,306,4,Chelsea - Clinton,"1,777",76.3,
2011,UHF 42,307,4,Gramercy Park - Murray Hill,"1,077",74.3,
2011,UHF 42,308,4,Greenwich Village - SoHo,862,71.1,
2011,UHF 42,309,4,Union Square - Lower East Side,957,72.7,
2011,UHF 42,310,4,Lower Manhattan,453,76.1,
2011,UHF 42,401,4,Long Island City - Astoria,607,73.2,
2011,UHF 42,402,4,West Queens,739,64.9,
2011,UHF 42,403,4,Flushing - Clearview,460,62.3,
2011,UHF 42,404,4,Bayside - Little Neck,178,79.1,
2011,UHF 42,405,4,Ridgewood - Forest Hills,399,72.7,
2011,UHF 42,406,4,Fresh Meadows,101,70.6,
2011,UHF 42,407,4,Southwest Queens,326,69.5,
2011,UHF 42,408,4,Jamaica,439,71.3,
2011,UHF 42,409,4,Southeast Queens,174,69.3,
2011,UHF 42,410,4,Rockaways,93,66.9,
2011,UHF 42,501,4,Port Richmond,126,78.3,
2011,UHF 42,502,4,Stapleton - St. George,183,77.5,
2011,UHF 42,503,4,Willowbrook,132,77.6,
2011,UHF 42,504,4,South Beach - Tottenville,275,81.4,