SiteName,Operator,starttime,timeofday,Value
Broadway_35th_St,nyccas,2024-04-29T15:00:00,03:00 PM,26.09
Broadway_35th_St,nyccas,2024-04-29T16:00:00,04:00 PM,23.26
Broadway_35th_St,nyccas,2024-04-29T17:00:00,05:00 PM,25.27
Broadway_35th_St,nyccas,2024-04-29T18:00:00,06:00 PM,24.8
Broadway_35th_St,nyccas,2024-04-29T19:00:00,07:00 PM,25.44
Broadway_35th_St,nyccas,2024-04-29T20:00:00,08:00 PM,27.04
Broadway_35th_St,nyccas,2024-04-29T21:00:00,09:00 PM,28.35
Broadway_35th_St,nyccas,2024-04-29T22:00:00,10:00 PM,29.78
Broadway_35th_St,nyccas,2024-04-29T23:00:00,11:00 PM,30.89
Broadway_35th_St,nyccas,2024-04-30T00:00:00,12:00 AM,30.39
Broadway_35th_St,nyccas,2024-04-30T01:00:00,01:00 AM,31.14
Broadway_35th_St,nyccas,2024-04-30T02:00:00,02:00 AM,31.56
Broadway_35th_St,nyccas,2024-04-30T03:00:00,03:00 AM,25.44
Broadway_35th_St,nyccas,2024-04-30T04:00:00,04:00 AM,23.04
Broadway_35th_St,nyccas,2024-04-30T05:00:00,05:00 AM,19.63
Broadway_35th_St,nyccas,2024-04-30T06:00:00,06:00 AM,17.9
Broadway_35th_St,nyccas,2024-04-30T07:00:00,07:00 AM,16.74
Broadway_35th_St,nyccas,2024-04-30T08:00:00,08:00 AM,18.04
Broadway_35th_St,nyccas,2024-04-30T09:00:00,09:00 AM,18.68
Broadway_35th_St,nyccas,2024-04-30T10:00:00,10:00 AM,22.1
Broadway_35th_St,nyccas,2024-04-30T11:00:00,11:00 AM,22.58
Broadway_35th_St,nyccas,2024-04-30T12:00:00,12:00 PM,21.39
Broadway_35th_St,nyccas,2024-04-30T13:00:00,01:00 PM,19.82
Broadway_35th_St,nyccas,2024-04-30T14:00:00,02:00 PM,20.11
Broadway_35th_St,nyccas,2024-04-30T15:00:00,03:00 PM,17.22
Broadway_35th_St,nyccas,2024-04-30T16:00:00,04:00 PM,15.36
Broadway_35th_St,nyccas,2024-04-30T17:00:00,05:00 PM,14.72
Broadway_35th_St,nyccas,2024-04-30T18:00:00,06:00 PM,15
Broadway_35th_St,nyccas,2024-04-30T19:00:00,07:00 PM,15.13
Broadway_35th_St,nyccas,2024-04-30T20:00:00,08:00 PM,12.36
Broadway_35th_St,nyccas,2024-04-30T21:00:00,09:00 PM,12.59
Broadway_35th_St,nyccas,2024-04-30T22:00:00,10:00 PM,12.38
Broadway_35th_St,nyccas,2024-04-30T23:00:00,11:00 PM,11.53
Broadway_35th_St,nyccas,2024-05-01T00:00:00,12:00 AM,11.57
Broadway_35th_St,nyccas,2024-05-01T01:00:00,01:00 AM,11.4
Broadway_35th_St,nyccas,2024-05-01T02:00:00,02:00 AM,11.91
Broadway_35th_St,nyccas,2024-05-01T03:00:00,03:00 AM,11.69
Broadway_35th_St,nyccas,2024-05-01T04:00:00,04:00 AM,11.37
Broadway_35th_St,nyccas,2024-05-01T05:00:00,05:00 AM,12.17
Broadway_35th_St,nyccas,2024-05-01T06:00:00,06:00 AM,14.23
Broadway_35th_St,nyccas,2024-05-01T07:00:00,07:00 AM,15.47
Broadway_35th_St,nyccas,2024-05-01T08:00:00,08:00 AM,20.37
Broadway_35th_St,nyccas,2024-05-01T09:00:00,09:00 AM,27.72
Broadway_35th_St,nyccas,2024-05-01T10:00:00,10:00 AM,33.79
Broadway_35th_St,nyccas,2024-05-01T11:00:00,11:00 AM,32.69
Broadway_35th_St,nyccas,2024-05-01T12:00:00,12:00 PM,23.36
Broadway_35th_St,nyccas,2024-05-01T13:00:00,01:00 PM,18.83
Broadway_35th_St,nyccas,2024-05-01T14:00:00,02:00 PM,17.69
Broadway_35th_St,nyccas,2024-05-01T15:00:00,03:00 PM,18.46
Broadway_35th_St,nyccas,2024-05-01T16:00:00,04:00 PM,21.41
Broadway_35th_St,nyccas,2024-05-01T17:00:00,05:00 PM,15.95
Broadway_35th_St,nyccas,2024-05-01T18:00:00,06:00 PM,14.58
Broadway_35th_St,nyccas,2024-05-01T19:00:00,07:00 PM,14.56
Broadway_35th_St,nyccas,2024-05-01T20:00:00,08:00 PM,13.96
Broadway_35th_St,nyccas,2024-05-01T21:00:00,09:00 PM,15
Broadway_35th_St,nyccas,2024-05-01T22:00:00,10:00 PM,13.72
Broadway_35th_St,nyccas,2024-05-01T23:00:00,11:00 PM,12.88
Broadway_35th_St,nyccas,2024-05-02T00:00:00,12:00 AM,13.35
Broadway_35th_St,nyccas,2024-05-02T01:00:00,01:00 AM,12.35
Broadway_35th_St,nyccas,2024-05-02T02:00:00,02:00 AM,11.2
Broadway_35th_St,nyccas,2024-05-02T03:00:00,03:00 AM,9.93
Broadway_35th_St,nyccas,2024-05-02T04:00:00,04:00 AM,9.86
Broadway_35th_St,nyccas,2024-05-02T05:00:00,05:00 AM,15.13
Broadway_35th_St,nyccas,2024-05-02T06:00:00,06:00 AM,14.21
Broadway_35th_St,nyccas,2024-05-02T07:00:00,07:00 AM,10.49
Broadway_35th_St,nyccas,2024-05-02T08:00:00,08:00 AM,9.71
Broadway_35th_St,nyccas,2024-05-02T09:00:00,09:00 AM,15.8
Broadway_35th_St,nyccas,2024-05-02T10:00:00,10:00 AM,23.12
Broadway_35th_St,nyccas,2024-05-02T11:00:00,11:00 AM,26.55
Broadway_35th_St,nyccas,2024-05-02T12:00:00,12:00 PM,26.64
Broadway_35th_St,nyccas,2024-05-02T13:00:00,01:00 PM,25.76
Broadway_35th_St,nyccas,2024-05-02T14:00:00,02:00 PM,25.31
Broadway_35th_St,nyccas,2024-05-02T15:00:00,03:00 PM,23.36
Broadway_35th_St,nyccas,2024-05-02T16:00:00,04:00 PM,21.59
Broadway_35th_St,nyccas,2024-05-02T17:00:00,05:00 PM,20.91
Broadway_35th_St,nyccas,2024-05-02T18:00:00,06:00 PM,22.9
Broadway_35th_St,nyccas,2024-05-02T19:00:00,07:00 PM,25.64
Broadway_35th_St,nyccas,2024-05-02T20:00:00,08:00 PM,23.78
Broadway_35th_St,nyccas,2024-05-02T21:00:00,09:00 PM,22.58
Broadway_35th_St,nyccas,2024-05-02T22:00:00,10:00 PM,17.06
Broadway_35th_St,nyccas,2024-05-02T23:00:00,11:00 PM,6.12
Broadway_35th_St,nyccas,2024-05-03T00:00:00,12:00 AM,7.16
Broadway_35th_St,nyccas,2024-05-03T01:00:00,01:00 AM,7.17
Broadway_35th_St,nyccas,2024-05-03T02:00:00,02:00 AM,8.22
Broadway_35th_St,nyccas,2024-05-03T03:00:00,03:00 AM,8.49
Broadway_35th_St,nyccas,2024-05-03T04:00:00,04:00 AM,9.05
Broadway_35th_St,nyccas,2024-05-03T05:00:00,05:00 AM,8.98
Broadway_35th_St,nyccas,2024-05-03T06:00:00,06:00 AM,10.25
Broadway_35th_St,nyccas,2024-05-03T07:00:00,07:00 AM,9.08
Broadway_35th_St,nyccas,2024-05-03T08:00:00,08:00 AM,7.52
Broadway_35th_St,nyccas,2024-05-03T09:00:00,09:00 AM,7.14
Broadway_35th_St,nyccas,2024-05-03T10:00:00,10:00 AM,7.6
Broadway_35th_St,nyccas,2024-05-03T11:00:00,11:00 AM,6.7
Broadway_35th_St,nyccas,2024-05-03T12:00:00,12:00 PM,7.91
Broadway_35th_St,nyccas,2024-05-03T13:00:00,01:00 PM,8.08
Broadway_35th_St,nyccas,2024-05-03T14:00:00,02:00 PM,8.91
Broadway_35th_St,nyccas,2024-05-03T15:00:00,03:00 PM,9.46
Broadway_35th_St,nyccas,2024-05-03T16:00:00,04:00 PM,9.26
Broadway_35th_St,nyccas,2024-05-03T17:00:00,05:00 PM,8.83
Broadway_35th_St,nyccas,2024-05-03T18:00:00,06:00 PM,9.63
Broadway_35th_St,nyccas,2024-05-03T19:00:00,07:00 PM,11.01
Broadway_35th_St,nyccas,2024-05-03T20:00:00,08:00 PM,11.07
Broadway_35th_St,nyccas,2024-05-03T21:00:00,09:00 PM,10.47
Broadway_35th_St,nyccas,2024-05-03T22:00:00,10:00 PM,10.44
Broadway_35th_St,nyccas,2024-05-03T23:00:00,11:00 PM,9.52
Broadway_35th_St,nyccas,2024-05-04T00:00:00,12:00 AM,8.82
Broadway_35th_St,nyccas,2024-05-04T01:00:00,01:00 AM,7.79
Broadway_35th_St,nyccas,2024-05-04T02:00:00,02:00 AM,6.92
Broadway_35th_St,nyccas,2024-05-04T03:00:00,03:00 AM,6.51
Broadway_35th_St,nyccas,2024-05-04T04:00:00,04:00 AM,5.65
Broadway_35th_St,nyccas,2024-05-04T05:00:00,05:00 AM,5.47
Broadway_35th_St,nyccas,2024-05-04T06:00:00,06:00 AM,5.14
Broadway_35th_St,nyccas,2024-05-04T07:00:00,07:00 AM,5.18
Broadway_35th_St,nyccas,2024-05-04T08:00:00,08:00 AM,5.63
Broadway_35th_St,nyccas,2024-05-04T09:00:00,09:00 AM,6.15
Broadway_35th_St,nyccas,2024-05-04T10:00:00,10:00 AM,7.27
Broadway_35th_St,nyccas,2024-05-04T11:00:00,11:00 AM,7.8
Broadway_35th_St,nyccas,2024-05-04T12:00:00,12:00 PM,7.77
Broadway_35th_St,nyccas,2024-05-04T13:00:00,01:00 PM,8.5
Broadway_35th_St,nyccas,2024-05-04T14:00:00,02:00 PM,9.78
Broadway_35th_St,nyccas,2024-05-04T15:00:00,03:00 PM,8.02
Broadway_35th_St,nyccas,2024-05-04T16:00:00,04:00 PM,7.31
Broadway_35th_St,nyccas,2024-05-04T17:00:00,05:00 PM,8.23
Broadway_35th_St,nyccas,2024-05-04T18:00:00,06:00 PM,8.65
Broadway_35th_St,nyccas,2024-05-04T19:00:00,07:00 PM,8.91
Broadway_35th_St,nyccas,2024-05-04T20:00:00,08:00 PM,8.13
Broadway_35th_St,nyccas,2024-05-04T21:00:00,09:00 PM,8.02
Broadway_35th_St,nyccas,2024-05-04T22:00:00,10:00 PM,7.24
Broadway_35th_St,nyccas,2024-05-04T23:00:00,11:00 PM,6.15
Broadway_35th_St,nyccas,2024-05-05T00:00:00,12:00 AM,6.17
Broadway_35th_St,nyccas,2024-05-05T01:00:00,01:00 AM,5.37
Broadway_35th_St,nyccas,2024-05-05T02:00:00,02:00 AM,5.46
Broadway_35th_St,nyccas,2024-05-05T03:00:00,03:00 AM,5.87
Broadway_35th_St,nyccas,2024-05-05T04:00:00,04:00 AM,5.54
Broadway_35th_St,nyccas,2024-05-05T05:00:00,05:00 AM,5.9
Broadway_35th_St,nyccas,2024-05-05T06:00:00,06:00 AM,6.82
Broadway_35th_St,nyccas,2024-05-05T07:00:00,07:00 AM,5.7
Broadway_35th_St,nyccas,2024-05-05T08:00:00,08:00 AM,5.77
Broadway_35th_St,nyccas,2024-05-05T09:00:00,09:00 AM,6.5
Broadway_35th_St,nyccas,2024-05-05T10:00:00,10:00 AM,8.18
Broadway_35th_St,nyccas,2024-05-05T11:00:00,11:00 AM,8.75
Broadway_35th_St,nyccas,2024-05-05T12:00:00,12:00 PM,9.46
Broadway_35th_St,nyccas,2024-05-05T13:00:00,01:00 PM,9.96
Broadway_35th_St,nyccas,2024-05-05T14:00:00,02:00 PM,9.96
Broadway_35th_St,nyccas,2024-05-05T15:00:00,03:00 PM,9.96
Broadway_35th_St,nyccas,2024-05-05T16:00:00,04:00 PM,7.58
Broadway_35th_St,nyccas,2024-05-05T17:00:00,05:00 PM,8.09
Broadway_35th_St,nyccas,2024-05-05T18:00:00,06:00 PM,8.59
Broadway_35th_St,nyccas,2024-05-05T19:00:00,07:00 PM,8.43
Broadway_35th_St,nyccas,2024-05-05T20:00:00,08:00 PM,10.04
Broadway_35th_St,nyccas,2024-05-05T21:00:00,09:00 PM,12.68
Broadway_35th_St,nyccas,2024-05-05T22:00:00,10:00 PM,16.94
Broadway_35th_St,nyccas,2024-05-05T23:00:00,11:00 PM,17.82
Broadway_35th_St,nyccas,2024-05-06T00:00:00,12:00 AM,19.76
Broadway_35th_St,nyccas,2024-05-06T01:00:00,01:00 AM,18.8
Broadway_35th_St,nyccas,2024-05-06T02:00:00,02:00 AM,15.22
Broadway_35th_St,nyccas,2024-05-06T03:00:00,03:00 AM,14.74
Broadway_35th_St,nyccas,2024-05-06T04:00:00,04:00 AM,17.29
Broadway_35th_St,nyccas,2024-05-06T05:00:00,05:00 AM,18.9
Broadway_35th_St,nyccas,2024-05-06T06:00:00,06:00 AM,22.11
Broadway_35th_St,nyccas,2024-05-06T07:00:00,07:00 AM,27.35
Broadway_35th_St,nyccas,2024-05-06T08:00:00,08:00 AM,33.43
Broadway_35th_St,nyccas,2024-05-06T09:00:00,09:00 AM,35.71
Broadway_35th_St,nyccas,2024-05-06T10:00:00,10:00 AM,35.61
Broadway_35th_St,nyccas,2024-05-06T11:00:00,11:00 AM,38.9
Broadway_35th_St,nyccas,2024-05-06T12:00:00,12:00 PM,36.51
Broadway_35th_St,nyccas,2024-05-06T13:00:00,01:00 PM,29.12
Broadway_35th_St,nyccas,2024-05-06T14:00:00,02:00 PM,33.76
Broadway_35th_St,nyccas,2024-05-06T15:00:00,03:00 PM,29.94
Broadway_35th_St,nyccas,2024-05-06T16:00:00,04:00 PM,23.24
Broadway_35th_St,nyccas,2024-05-06T17:00:00,05:00 PM,21.05
Broadway_35th_St,nyccas,2024-05-06T18:00:00,06:00 PM,23.83
Broadway_35th_St,nyccas,2024-05-06T19:00:00,07:00 PM,19.02
Broadway_35th_St,nyccas,2024-05-06T20:00:00,08:00 PM,19.61
Broadway_35th_St,nyccas,2024-05-06T21:00:00,09:00 PM,16.17
Broadway_35th_St,nyccas,2024-05-06T22:00:00,10:00 PM,14
Broadway_35th_St,nyccas,2024-05-06T23:00:00,11:00 PM,14.5
Broadway_35th_St,nyccas,2024-05-07T00:00:00,12:00 AM,15.05
Broadway_35th_St,nyccas,2024-05-07T01:00:00,01:00 AM,15.84
Broadway_35th_St,nyccas,2024-05-07T02:00:00,02:00 AM,17.18
Broadway_35th_St,nyccas,2024-05-07T03:00:00,03:00 AM,16.96
Broadway_35th_St,nyccas,2024-05-07T04:00:00,04:00 AM,12.97
Broadway_35th_St,nyccas,2024-05-07T05:00:00,05:00 AM,8.31
Broadway_35th_St,nyccas,2024-05-07T06:00:00,06:00 AM,8.58
Broadway_35th_St,nyccas,2024-05-07T07:00:00,07:00 AM,9.21
Broadway_35th_St,nyccas,2024-05-07T08:00:00,08:00 AM,10.82
Broadway_35th_St,nyccas,2024-05-07T09:00:00,09:00 AM,7.83
Broadway_35th_St,nyccas,2024-05-07T10:00:00,10:00 AM,9.31
Broadway_35th_St,nyccas,2024-05-07T11:00:00,11:00 AM,8.78
Broadway_35th_St,nyccas,2024-05-07T12:00:00,12:00 PM,7.48
Broadway_35th_St,nyccas,2024-05-07T13:00:00,01:00 PM,8.09
Cross_Bronx_Expy,nyccas,2024-04-29T15:00:00,03:00 PM,27.62
Cross_Bronx_Expy,nyccas,2024-04-29T16:00:00,04:00 PM,20.29
Cross_Bronx_Expy,nyccas,2024-04-29T17:00:00,05:00 PM,21.36
Cross_Bronx_Expy,nyccas,2024-04-29T18:00:00,06:00 PM,21.78
Cross_Bronx_Expy,nyccas,2024-04-29T19:00:00,07:00 PM,20.74
Cross_Bronx_Expy,nyccas,2024-04-29T20:00:00,08:00 PM,22.1
Cross_Bronx_Expy,nyccas,2024-04-29T21:00:00,09:00 PM,27.09
Cross_Bronx_Expy,nyccas,2024-04-29T22:00:00,10:00 PM,27.05
Cross_Bronx_Expy,nyccas,2024-04-29T23:00:00,11:00 PM,28.44
Cross_Bronx_Expy,nyccas,2024-04-30T00:00:00,12:00 AM,22.74
Cross_Bronx_Expy,nyccas,2024-04-30T01:00:00,01:00 AM,19.17
Cross_Bronx_Expy,nyccas,2024-04-30T02:00:00,02:00 AM,15.11
Cross_Bronx_Expy,nyccas,2024-04-30T03:00:00,03:00 AM,14.58
Cross_Bronx_Expy,nyccas,2024-04-30T04:00:00,04:00 AM,12.81
Cross_Bronx_Expy,nyccas,2024-04-30T05:00:00,05:00 AM,14.5
Cross_Bronx_Expy,nyccas,2024-04-30T06:00:00,06:00 AM,15.52
Cross_Bronx_Expy,nyccas,2024-04-30T07:00:00,07:00 AM,15.55
Cross_Bronx_Expy,nyccas,2024-04-30T08:00:00,08:00 AM,14.06
Cross_Bronx_Expy,nyccas,2024-04-30T09:00:00,09:00 AM,14.46
Cross_Bronx_Expy,nyccas,2024-04-30T10:00:00,10:00 AM,14.61
Cross_Bronx_Expy,nyccas,2024-04-30T11:00:00,11:00 AM,15.4
Cross_Bronx_Expy,nyccas,2024-04-30T12:00:00,12:00 PM,14.45
Cross_Bronx_Expy,nyccas,2024-04-30T13:00:00,01:00 PM,11.5
Cross_Bronx_Expy,nyccas,2024-04-30T14:00:00,02:00 PM,11.28
Cross_Bronx_Expy,nyccas,2024-04-30T15:00:00,03:00 PM,13.31
Cross_Bronx_Expy,nyccas,2024-04-30T16:00:00,04:00 PM,13.96
Cross_Bronx_Expy,nyccas,2024-04-30T17:00:00,05:00 PM,12.63
Cross_Bronx_Expy,nyccas,2024-04-30T18:00:00,06:00 PM,13.19
Cross_Bronx_Expy,nyccas,2024-04-30T19:00:00,07:00 PM,12.34
Cross_Bronx_Expy,nyccas,2024-04-30T20:00:00,08:00 PM,9.4
Cross_Bronx_Expy,nyccas,2024-04-30T21:00:00,09:00 PM,10.46
Cross_Bronx_Expy,nyccas,2024-04-30T22:00:00,10:00 PM,10.66
Cross_Bronx_Expy,nyccas,2024-04-30T23:00:00,11:00 PM,10.41
Cross_Bronx_Expy,nyccas,2024-05-01T00:00:00,12:00 AM,11.37
Cross_Bronx_Expy,nyccas,2024-05-01T01:00:00,01:00 AM,12.75
Cross_Bronx_Expy,nyccas,2024-05-01T02:00:00,02:00 AM,14.79
Cross_Bronx_Expy,nyccas,2024-05-01T03:00:00,03:00 AM,14.6
Cross_Bronx_Expy,nyccas,2024-05-01T04:00:00,04:00 AM,14.45
Cross_Bronx_Expy,nyccas,2024-05-01T05:00:00,05:00 AM,15.02
Cross_Bronx_Expy,nyccas,2024-05-01T06:00:00,06:00 AM,18.31
Cross_Bronx_Expy,nyccas,2024-05-01T07:00:00,07:00 AM,22.52
Cross_Bronx_Expy,nyccas,2024-05-01T08:00:00,08:00 AM,28.97
Cross_Bronx_Expy,nyccas,2024-05-01T09:00:00,09:00 AM,27.88
Cross_Bronx_Expy,nyccas,2024-05-01T10:00:00,10:00 AM,27.41
Cross_Bronx_Expy,nyccas,2024-05-01T11:00:00,11:00 AM,22.83
Cross_Bronx_Expy,nyccas,2024-05-01T12:00:00,12:00 PM,25.34
Cross_Bronx_Expy,nyccas,2024-05-01T13:00:00,01:00 PM,18.38
Cross_Bronx_Expy,nyccas,2024-05-01T14:00:00,02:00 PM,23.4
Cross_Bronx_Expy,nyccas,2024-05-01T15:00:00,03:00 PM,22.82
Cross_Bronx_Expy,nyccas,2024-05-01T16:00:00,04:00 PM,17.16
Cross_Bronx_Expy,nyccas,2024-05-01T17:00:00,05:00 PM,13.46
Cross_Bronx_Expy,nyccas,2024-05-01T18:00:00,06:00 PM,12.97
Cross_Bronx_Expy,nyccas,2024-05-01T19:00:00,07:00 PM,13.64
Cross_Bronx_Expy,nyccas,2024-05-01T20:00:00,08:00 PM,12.27
Cross_Bronx_Expy,nyccas,2024-05-01T21:00:00,09:00 PM,12.13
Cross_Bronx_Expy,nyccas,2024-05-01T22:00:00,10:00 PM,14.87
Cross_Bronx_Expy,nyccas,2024-05-01T23:00:00,11:00 PM,18.11
Cross_Bronx_Expy,nyccas,2024-05-02T00:00:00,12:00 AM,18.01
Cross_Bronx_Expy,nyccas,2024-05-02T01:00:00,01:00 AM,17.97
Cross_Bronx_Expy,nyccas,2024-05-02T02:00:00,02:00 AM,18.38
Cross_Bronx_Expy,nyccas,2024-05-02T03:00:00,03:00 AM,13.9
Cross_Bronx_Expy,nyccas,2024-05-02T04:00:00,04:00 AM,11.9
Cross_Bronx_Expy,nyccas,2024-05-02T05:00:00,05:00 AM,13.52
Cross_Bronx_Expy,nyccas,2024-05-02T06:00:00,06:00 AM,17.66
Cross_Bronx_Expy,nyccas,2024-05-02T07:00:00,07:00 AM,18.68
Cross_Bronx_Expy,nyccas,2024-05-02T08:00:00,08:00 AM,19.59
Cross_Bronx_Expy,nyccas,2024-05-02T09:00:00,09:00 AM,23.25
Cross_Bronx_Expy,nyccas,2024-05-02T10:00:00,10:00 AM,30
Cross_Bronx_Expy,nyccas,2024-05-02T11:00:00,11:00 AM,34.06
Cross_Bronx_Expy,nyccas,2024-05-02T12:00:00,12:00 PM,33.84
Cross_Bronx_Expy,nyccas,2024-05-02T13:00:00,01:00 PM,28.31
Cross_Bronx_Expy,nyccas,2024-05-02T14:00:00,02:00 PM,30.82
Cross_Bronx_Expy,nyccas,2024-05-02T15:00:00,03:00 PM,25.94
Cross_Bronx_Expy,nyccas,2024-05-02T16:00:00,04:00 PM,23.16
Cross_Bronx_Expy,nyccas,2024-05-02T17:00:00,05:00 PM,22.39
Cross_Bronx_Expy,nyccas,2024-05-02T18:00:00,06:00 PM,21.23
Cross_Bronx_Expy,nyccas,2024-05-02T19:00:00,07:00 PM,20.94
Cross_Bronx_Expy,nyccas,2024-05-02T20:00:00,08:00 PM,20.81
Cross_Bronx_Expy,nyccas,2024-05-02T21:00:00,09:00 PM,22.12
Cross_Bronx_Expy,nyccas,2024-05-02T22:00:00,10:00 PM,13.24
Cross_Bronx_Expy,nyccas,2024-05-02T23:00:00,11:00 PM,7.24
Cross_Bronx_Expy,nyccas,2024-05-03T00:00:00,12:00 AM,5.91
Cross_Bronx_Expy,nyccas,2024-05-03T01:00:00,01:00 AM,9.4
Cross_Bronx_Expy,nyccas,2024-05-03T02:00:00,02:00 AM,10.39
Cross_Bronx_Expy,nyccas,2024-05-03T03:00:00,03:00 AM,11.14
Cross_Bronx_Expy,nyccas,2024-05-03T04:00:00,04:00 AM,10.54
Cross_Bronx_Expy,nyccas,2024-05-03T05:00:00,05:00 AM,10.7
Cross_Bronx_Expy,nyccas,2024-05-03T06:00:00,06:00 AM,11.96
Cross_Bronx_Expy,nyccas,2024-05-03T07:00:00,07:00 AM,10.85
Cross_Bronx_Expy,nyccas,2024-05-03T08:00:00,08:00 AM,8.25
Cross_Bronx_Expy,nyccas,2024-05-03T09:00:00,09:00 AM,6.26
Cross_Bronx_Expy,nyccas,2024-05-03T10:00:00,10:00 AM,6.07
Cross_Bronx_Expy,nyccas,2024-05-03T11:00:00,11:00 AM,5.71
Cross_Bronx_Expy,nyccas,2024-05-03T12:00:00,12:00 PM,5.28
Cross_Bronx_Expy,nyccas,2024-05-03T13:00:00,01:00 PM,4.26
Cross_Bronx_Expy,nyccas,2024-05-03T14:00:00,02:00 PM,4.13
Cross_Bronx_Expy,nyccas,2024-05-03T15:00:00,03:00 PM,6.17
Cross_Bronx_Expy,nyccas,2024-05-03T16:00:00,04:00 PM,6.74
Cross_Bronx_Expy,nyccas,2024-05-03T17:00:00,05:00 PM,7.02
Cross_Bronx_Expy,nyccas,2024-05-03T18:00:00,06:00 PM,7.7
Cross_Bronx_Expy,nyccas,2024-05-03T19:00:00,07:00 PM,8.88
Cross_Bronx_Expy,nyccas,2024-05-03T20:00:00,08:00 PM,9.32
Cross_Bronx_Expy,nyccas,2024-05-03T21:00:00,09:00 PM,9.73
Cross_Bronx_Expy,nyccas,2024-05-03T22:00:00,10:00 PM,10.07
Cross_Bronx_Expy,nyccas,2024-05-03T23:00:00,11:00 PM,9.87
Cross_Bronx_Expy,nyccas,2024-05-04T00:00:00,12:00 AM,9.54
Cross_Bronx_Expy,nyccas,2024-05-04T01:00:00,01:00 AM,7.27
Cross_Bronx_Expy,nyccas,2024-05-04T02:00:00,02:00 AM,6.8
Cross_Bronx_Expy,nyccas,2024-05-04T03:00:00,03:00 AM,6.29
Cross_Bronx_Expy,nyccas,2024-05-04T04:00:00,04:00 AM,5.56
Cross_Bronx_Expy,nyccas,2024-05-04T05:00:00,05:00 AM,5.23
Cross_Bronx_Expy,nyccas,2024-05-04T06:00:00,06:00 AM,5.42
Cross_Bronx_Expy,nyccas,2024-05-04T07:00:00,07:00 AM,5.55
Cross_Bronx_Expy,nyccas,2024-05-04T08:00:00,08:00 AM,5.64
Cross_Bronx_Expy,nyccas,2024-05-04T09:00:00,09:00 AM,5.04
Cross_Bronx_Expy,nyccas,2024-05-04T10:00:00,10:00 AM,4.96
Cross_Bronx_Expy,nyccas,2024-05-04T11:00:00,11:00 AM,4.56
Cross_Bronx_Expy,nyccas,2024-05-04T12:00:00,12:00 PM,5.77
Cross_Bronx_Expy,nyccas,2024-05-04T13:00:00,01:00 PM,6.24
Cross_Bronx_Expy,nyccas,2024-05-04T14:00:00,02:00 PM,5.61
Cross_Bronx_Expy,nyccas,2024-05-04T15:00:00,03:00 PM,6.17
Cross_Bronx_Expy,nyccas,2024-05-04T16:00:00,04:00 PM,5.11
Cross_Bronx_Expy,nyccas,2024-05-04T17:00:00,05:00 PM,5.28
Cross_Bronx_Expy,nyccas,2024-05-04T18:00:00,06:00 PM,5.48
Cross_Bronx_Expy,nyccas,2024-05-04T19:00:00,07:00 PM,6.05
Cross_Bronx_Expy,nyccas,2024-05-04T20:00:00,08:00 PM,5.38
Cross_Bronx_Expy,nyccas,2024-05-04T21:00:00,09:00 PM,5.82
Cross_Bronx_Expy,nyccas,2024-05-04T22:00:00,10:00 PM,6.27
Cross_Bronx_Expy,nyccas,2024-05-04T23:00:00,11:00 PM,5.48
Cross_Bronx_Expy,nyccas,2024-05-05T00:00:00,12:00 AM,5.62
Cross_Bronx_Expy,nyccas,2024-05-05T01:00:00,01:00 AM,5.36
Cross_Bronx_Expy,nyccas,2024-05-05T02:00:00,02:00 AM,5.64
Cross_Bronx_Expy,nyccas,2024-05-05T03:00:00,03:00 AM,5.67
Cross_Bronx_Expy,nyccas,2024-05-05T04:00:00,04:00 AM,5.48
Cross_Bronx_Expy,nyccas,2024-05-05T05:00:00,05:00 AM,7.3
Cross_Bronx_Expy,nyccas,2024-05-05T06:00:00,06:00 AM,5.91
Cross_Bronx_Expy,nyccas,2024-05-05T07:00:00,07:00 AM,5.31
Cross_Bronx_Expy,nyccas,2024-05-05T08:00:00,08:00 AM,5.39
Cross_Bronx_Expy,nyccas,2024-05-05T09:00:00,09:00 AM,5.33
Cross_Bronx_Expy,nyccas,2024-05-05T10:00:00,10:00 AM,6.1
Cross_Bronx_Expy,nyccas,2024-05-05T11:00:00,11:00 AM,7.31
Cross_Bronx_Expy,nyccas,2024-05-05T12:00:00,12:00 PM,7.5
Cross_Bronx_Expy,nyccas,2024-05-05T13:00:00,01:00 PM,7.78
Cross_Bronx_Expy,nyccas,2024-05-05T14:00:00,02:00 PM,7.82
Cross_Bronx_Expy,nyccas,2024-05-05T15:00:00,03:00 PM,6.76
Cross_Bronx_Expy,nyccas,2024-05-05T16:00:00,04:00 PM,6.23
Cross_Bronx_Expy,nyccas,2024-05-05T17:00:00,05:00 PM,6.2
Cross_Bronx_Expy,nyccas,2024-05-05T18:00:00,06:00 PM,6.25
Cross_Bronx_Expy,nyccas,2024-05-05T19:00:00,07:00 PM,6.61
Cross_Bronx_Expy,nyccas,2024-05-05T20:00:00,08:00 PM,7.41
Cross_Bronx_Expy,nyccas,2024-05-05T21:00:00,09:00 PM,9.76
Cross_Bronx_Expy,nyccas,2024-05-05T22:00:00,10:00 PM,13.75
Cross_Bronx_Expy,nyccas,2024-05-05T23:00:00,11:00 PM,13.96
Cross_Bronx_Expy,nyccas,2024-05-06T00:00:00,12:00 AM,10.62
Cross_Bronx_Expy,nyccas,2024-05-06T01:00:00,01:00 AM,12.41
Cross_Bronx_Expy,nyccas,2024-05-06T02:00:00,02:00 AM,11.67
Cross_Bronx_Expy,nyccas,2024-05-06T03:00:00,03:00 AM,13.42
Cross_Bronx_Expy,nyccas,2024-05-06T04:00:00,04:00 AM,16.39
Cross_Bronx_Expy,nyccas,2024-05-06T05:00:00,05:00 AM,21.59
Cross_Bronx_Expy,nyccas,2024-05-06T06:00:00,06:00 AM,23.02
Cross_Bronx_Expy,nyccas,2024-05-06T07:00:00,07:00 AM,27.94
Cross_Bronx_Expy,nyccas,2024-05-06T08:00:00,08:00 AM,42.72
Cross_Bronx_Expy,nyccas,2024-05-06T09:00:00,09:00 AM,37.88
Cross_Bronx_Expy,nyccas,2024-05-06T10:00:00,10:00 AM,39.54
Cross_Bronx_Expy,nyccas,2024-05-06T11:00:00,11:00 AM,37.95
Cross_Bronx_Expy,nyccas,2024-05-06T12:00:00,12:00 PM,29.3
Cross_Bronx_Expy,nyccas,2024-05-06T13:00:00,01:00 PM,25.21
Cross_Bronx_Expy,nyccas,2024-05-06T14:00:00,02:00 PM,21.49
Cross_Bronx_Expy,nyccas,2024-05-06T15:00:00,03:00 PM,21.4
Cross_Bronx_Expy,nyccas,2024-05-06T16:00:00,04:00 PM,25.42
Cross_Bronx_Expy,nyccas,2024-05-06T17:00:00,05:00 PM,21.25
Cross_Bronx_Expy,nyccas,2024-05-06T18:00:00,06:00 PM,14.92
Cross_Bronx_Expy,nyccas,2024-05-06T19:00:00,07:00 PM,14.59
Cross_Bronx_Expy,nyccas,2024-05-06T20:00:00,08:00 PM,17.09
Cross_Bronx_Expy,nyccas,2024-05-06T21:00:00,09:00 PM,17.06
Cross_Bronx_Expy,nyccas,2024-05-06T22:00:00,10:00 PM,17.28
Cross_Bronx_Expy,nyccas,2024-05-06T23:00:00,11:00 PM,16.91
Cross_Bronx_Expy,nyccas,2024-05-07T00:00:00,12:00 AM,17.97
Cross_Bronx_Expy,nyccas,2024-05-07T01:00:00,01:00 AM,19.62
Cross_Bronx_Expy,nyccas,2024-05-07T02:00:00,02:00 AM,19.62
Cross_Bronx_Expy,nyccas,2024-05-07T03:00:00,03:00 AM,17.59
Cross_Bronx_Expy,nyccas,2024-05-07T04:00:00,04:00 AM,11.57
Cross_Bronx_Expy,nyccas,2024-05-07T05:00:00,05:00 AM,10.63
Cross_Bronx_Expy,nyccas,2024-05-07T06:00:00,06:00 AM,10.47
Cross_Bronx_Expy,nyccas,2024-05-07T07:00:00,07:00 AM,9.68
Cross_Bronx_Expy,nyccas,2024-05-07T08:00:00,08:00 AM,7.31
Cross_Bronx_Expy,nyccas,2024-05-07T09:00:00,09:00 AM,6.66
Cross_Bronx_Expy,nyccas,2024-05-07T10:00:00,10:00 AM,5.82
Cross_Bronx_Expy,nyccas,2024-05-07T11:00:00,11:00 AM,5.53
Cross_Bronx_Expy,nyccas,2024-05-07T12:00:00,12:00 PM,6.91
Cross_Bronx_Expy,nyccas,2024-05-07T13:00:00,01:00 PM,8.31
DEC_Avg,DEC,2024-04-29T15:00:00,03:00 PM,16.62
DEC_Avg,DEC,2024-04-29T16:00:00,04:00 PM,12.9
DEC_Avg,DEC,2024-04-29T17:00:00,05:00 PM,13.92
DEC_Avg,DEC,2024-04-29T18:00:00,06:00 PM,13.68
DEC_Avg,DEC,2024-04-29T19:00:00,07:00 PM,14.08
DEC_Avg,DEC,2024-04-29T20:00:00,08:00 PM,15.33
DEC_Avg,DEC,2024-04-29T21:00:00,09:00 PM,17.32
DEC_Avg,DEC,2024-04-29T22:00:00,10:00 PM,16.8
DEC_Avg,DEC,2024-04-29T23:00:00,11:00 PM,17.46
DEC_Avg,DEC,2024-04-30T00:00:00,12:00 AM,16.48
DEC_Avg,DEC,2024-04-30T01:00:00,01:00 AM,15.8
DEC_Avg,DEC,2024-04-30T02:00:00,02:00 AM,13.92
DEC_Avg,DEC,2024-04-30T03:00:00,03:00 AM,13.3
DEC_Avg,DEC,2024-04-30T04:00:00,04:00 AM,13.03
DEC_Avg,DEC,2024-04-30T05:00:00,05:00 AM,13.04
DEC_Avg,DEC,2024-04-30T06:00:00,06:00 AM,13.98
DEC_Avg,DEC,2024-04-30T07:00:00,07:00 AM,16.92
DEC_Avg,DEC,2024-04-30T08:00:00,08:00 AM,14.3
DEC_Avg,DEC,2024-04-30T09:00:00,09:00 AM,13.57
DEC_Avg,DEC,2024-04-30T10:00:00,10:00 AM,14.17
DEC_Avg,DEC,2024-04-30T11:00:00,11:00 AM,15.44
DEC_Avg,DEC,2024-04-30T12:00:00,12:00 PM,12.58
DEC_Avg,DEC,2024-04-30T13:00:00,01:00 PM,10.2
DEC_Avg,DEC,2024-04-30T14:00:00,02:00 PM,10.17
DEC_Avg,DEC,2024-04-30T15:00:00,03:00 PM,10
DEC_Avg,DEC,2024-04-30T16:00:00,04:00 PM,9.36
DEC_Avg,DEC,2024-04-30T17:00:00,05:00 PM,8.33
DEC_Avg,DEC,2024-04-30T18:00:00,06:00 PM,8.93
DEC_Avg,DEC,2024-04-30T19:00:00,07:00 PM,7.82
DEC_Avg,DEC,2024-04-30T20:00:00,08:00 PM,8.62
DEC_Avg,DEC,2024-04-30T21:00:00,09:00 PM,8.38
DEC_Avg,DEC,2024-04-30T22:00:00,10:00 PM,7.39
DEC_Avg,DEC,2024-04-30T23:00:00,11:00 PM,7.22
DEC_Avg,DEC,2024-05-01T00:00:00,12:00 AM,7.93
DEC_Avg,DEC,2024-05-01T01:00:00,01:00 AM,8.61
DEC_Avg,DEC,2024-05-01T02:00:00,02:00 AM,9.89
DEC_Avg,DEC,2024-05-01T03:00:00,03:00 AM,10.33
DEC_Avg,DEC,2024-05-01T04:00:00,04:00 AM,10.16
DEC_Avg,DEC,2024-05-01T05:00:00,05:00 AM,10.28
DEC_Avg,DEC,2024-05-01T06:00:00,06:00 AM,11.27
DEC_Avg,DEC,2024-05-01T07:00:00,07:00 AM,13.89
DEC_Avg,DEC,2024-05-01T08:00:00,08:00 AM,16.52
DEC_Avg,DEC,2024-05-01T09:00:00,09:00 AM,18.71
DEC_Avg,DEC,2024-05-01T10:00:00,10:00 AM,18.36
DEC_Avg,DEC,2024-05-01T11:00:00,11:00 AM,16.21
DEC_Avg,DEC,2024-05-01T12:00:00,12:00 PM,14.19
DEC_Avg,DEC,2024-05-01T13:00:00,01:00 PM,13.74
DEC_Avg,DEC,2024-05-01T14:00:00,02:00 PM,12.68
DEC_Avg,DEC,2024-05-01T15:00:00,03:00 PM,12.78
DEC_Avg,DEC,2024-05-01T16:00:00,04:00 PM,9.63
DEC_Avg,DEC,2024-05-01T17:00:00,05:00 PM,6.96
DEC_Avg,DEC,2024-05-01T18:00:00,06:00 PM,6.83
DEC_Avg,DEC,2024-05-01T19:00:00,07:00 PM,7.23
DEC_Avg,DEC,2024-05-01T20:00:00,08:00 PM,8.34
DEC_Avg,DEC,2024-05-01T21:00:00,09:00 PM,8.99
DEC_Avg,DEC,2024-05-01T22:00:00,10:00 PM,8.14
DEC_Avg,DEC,2024-05-01T23:00:00,11:00 PM,8.47
DEC_Avg,DEC,2024-05-02T00:00:00,12:00 AM,8.11
DEC_Avg,DEC,2024-05-02T01:00:00,01:00 AM,7.38
DEC_Avg,DEC,2024-05-02T02:00:00,02:00 AM,5.69
DEC_Avg,DEC,2024-05-02T03:00:00,03:00 AM,4.98
DEC_Avg,DEC,2024-05-02T04:00:00,04:00 AM,6.5
DEC_Avg,DEC,2024-05-02T05:00:00,05:00 AM,6.83
DEC_Avg,DEC,2024-05-02T06:00:00,06:00 AM,7.27
DEC_Avg,DEC,2024-05-02T07:00:00,07:00 AM,7.33
DEC_Avg,DEC,2024-05-02T08:00:00,08:00 AM,7.8
DEC_Avg,DEC,2024-05-02T09:00:00,09:00 AM,10.24
DEC_Avg,DEC,2024-05-02T10:00:00,10:00 AM,13.83
DEC_Avg,DEC,2024-05-02T11:00:00,11:00 AM,16.86
DEC_Avg,DEC,2024-05-02T12:00:00,12:00 PM,16.81
DEC_Avg,DEC,2024-05-02T13:00:00,01:00 PM,14.59
DEC_Avg,DEC,2024-05-02T14:00:00,02:00 PM,13.36
DEC_Avg,DEC,2024-05-02T15:00:00,03:00 PM,12.39
DEC_Avg,DEC,2024-05-02T16:00:00,04:00 PM,12.8
DEC_Avg,DEC,2024-05-02T17:00:00,05:00 PM,13.13
DEC_Avg,DEC,2024-05-02T18:00:00,06:00 PM,13.19
DEC_Avg,DEC,2024-05-02T19:00:00,07:00 PM,14.65
DEC_Avg,DEC,2024-05-02T20:00:00,08:00 PM,14.28
DEC_Avg,DEC,2024-05-02T21:00:00,09:00 PM,13.32
DEC_Avg,DEC,2024-05-02T22:00:00,10:00 PM,9.41
DEC_Avg,DEC,2024-05-02T23:00:00,11:00 PM,6.11
DEC_Avg,DEC,2024-05-03T00:00:00,12:00 AM,2.86
DEC_Avg,DEC,2024-05-03T01:00:00,01:00 AM,4.16
DEC_Avg,DEC,2024-05-03T02:00:00,02:00 AM,5.93
DEC_Avg,DEC,2024-05-03T03:00:00,03:00 AM,7.03
DEC_Avg,DEC,2024-05-03T04:00:00,04:00 AM,6.28
DEC_Avg,DEC,2024-05-03T05:00:00,05:00 AM,6.67
DEC_Avg,DEC,2024-05-03T06:00:00,06:00 AM,7.37
DEC_Avg,DEC,2024-05-03T07:00:00,07:00 AM,5.93
DEC_Avg,DEC,2024-05-03T08:00:00,08:00 AM,4.78
DEC_Avg,DEC,2024-05-03T09:00:00,09:00 AM,3.63
DEC_Avg,DEC,2024-05-03T10:00:00,10:00 AM,3.36
DEC_Avg,DEC,2024-05-03T11:00:00,11:00 AM,3.04
DEC_Avg,DEC,2024-05-03T12:00:00,12:00 PM,3.25
DEC_Avg,DEC,2024-05-03T13:00:00,01:00 PM,3.7
DEC_Avg,DEC,2024-05-03T14:00:00,02:00 PM,3.83
DEC_Avg,DEC,2024-05-03T15:00:00,03:00 PM,3.67
DEC_Avg,DEC,2024-05-03T16:00:00,04:00 PM,3.1
DEC_Avg,DEC,2024-05-03T17:00:00,05:00 PM,3.23
DEC_Avg,DEC,2024-05-03T18:00:00,06:00 PM,3.81
DEC_Avg,DEC,2024-05-03T19:00:00,07:00 PM,4.74
DEC_Avg,DEC,2024-05-03T20:00:00,08:00 PM,5.47
DEC_Avg,DEC,2024-05-03T21:00:00,09:00 PM,5.24
DEC_Avg,DEC,2024-05-03T22:00:00,10:00 PM,5.73
DEC_Avg,DEC,2024-05-03T23:00:00,11:00 PM,5.59
DEC_Avg,DEC,2024-05-04T00:00:00,12:00 AM,5.21
DEC_Avg,DEC,2024-05-04T01:00:00,01:00 AM,3.79
DEC_Avg,DEC,2024-05-04T02:00:00,02:00 AM,3.81
DEC_Avg,DEC,2024-05-04T03:00:00,03:00 AM,3.88
DEC_Avg,DEC,2024-05-04T04:00:00,04:00 AM,3.43
DEC_Avg,DEC,2024-05-04T05:00:00,05:00 AM,3.57
DEC_Avg,DEC,2024-05-04T06:00:00,06:00 AM,3.89
DEC_Avg,DEC,2024-05-04T07:00:00,07:00 AM,3.83
DEC_Avg,DEC,2024-05-04T08:00:00,08:00 AM,4.84
DEC_Avg,DEC,2024-05-04T09:00:00,09:00 AM,3.7
DEC_Avg,DEC,2024-05-04T10:00:00,10:00 AM,4.31
DEC_Avg,DEC,2024-05-04T11:00:00,11:00 AM,3.3
DEC_Avg,DEC,2024-05-04T12:00:00,12:00 PM,3.53
DEC_Avg,DEC,2024-05-04T13:00:00,01:00 PM,3.39
DEC_Avg,DEC,2024-05-04T14:00:00,02:00 PM,3.13
DEC_Avg,DEC,2024-05-04T15:00:00,03:00 PM,2.97
DEC_Avg,DEC,2024-05-04T16:00:00,04:00 PM,2.5
DEC_Avg,DEC,2024-05-04T17:00:00,05:00 PM,2.8
DEC_Avg,DEC,2024-05-04T18:00:00,06:00 PM,3.2
DEC_Avg,DEC,2024-05-04T19:00:00,07:00 PM,3.33
DEC_Avg,DEC,2024-05-04T20:00:00,08:00 PM,3.66
DEC_Avg,DEC,2024-05-04T21:00:00,09:00 PM,3.75
DEC_Avg,DEC,2024-05-04T22:00:00,10:00 PM,3.92
DEC_Avg,DEC,2024-05-04T23:00:00,11:00 PM,3.75
DEC_Avg,DEC,2024-05-05T00:00:00,12:00 AM,4.06
DEC_Avg,DEC,2024-05-05T01:00:00,01:00 AM,3.91
DEC_Avg,DEC,2024-05-05T02:00:00,02:00 AM,3.53
DEC_Avg,DEC,2024-05-05T03:00:00,03:00 AM,3.61
DEC_Avg,DEC,2024-05-05T04:00:00,04:00 AM,3.46
DEC_Avg,DEC,2024-05-05T05:00:00,05:00 AM,4.22
DEC_Avg,DEC,2024-05-05T06:00:00,06:00 AM,4.47
DEC_Avg,DEC,2024-05-05T07:00:00,07:00 AM,3.27
DEC_Avg,DEC,2024-05-05T08:00:00,08:00 AM,3.41
DEC_Avg,DEC,2024-05-05T09:00:00,09:00 AM,3.58
DEC_Avg,DEC,2024-05-05T10:00:00,10:00 AM,4.69
DEC_Avg,DEC,2024-05-05T11:00:00,11:00 AM,5.13
DEC_Avg,DEC,2024-05-05T12:00:00,12:00 PM,4.74
DEC_Avg,DEC,2024-05-05T13:00:00,01:00 PM,5.09
DEC_Avg,DEC,2024-05-05T14:00:00,02:00 PM,4.86
DEC_Avg,DEC,2024-05-05T15:00:00,03:00 PM,4.24
DEC_Avg,DEC,2024-05-05T16:00:00,04:00 PM,3.26
DEC_Avg,DEC,2024-05-05T17:00:00,05:00 PM,2.8
DEC_Avg,DEC,2024-05-05T18:00:00,06:00 PM,2.89
DEC_Avg,DEC,2024-05-05T19:00:00,07:00 PM,3.23
DEC_Avg,DEC,2024-05-05T20:00:00,08:00 PM,3.86
DEC_Avg,DEC,2024-05-05T21:00:00,09:00 PM,4.91
DEC_Avg,DEC,2024-05-05T22:00:00,10:00 PM,6.57
DEC_Avg,DEC,2024-05-05T23:00:00,11:00 PM,8.79
DEC_Avg,DEC,2024-05-06T00:00:00,12:00 AM,9.72
DEC_Avg,DEC,2024-05-06T01:00:00,01:00 AM,8.67
DEC_Avg,DEC,2024-05-06T02:00:00,02:00 AM,9.75
DEC_Avg,DEC,2024-05-06T03:00:00,03:00 AM,10.31
DEC_Avg,DEC,2024-05-06T04:00:00,04:00 AM,10.64
DEC_Avg,DEC,2024-05-06T05:00:00,05:00 AM,9.56
DEC_Avg,DEC,2024-05-06T06:00:00,06:00 AM,11.88
DEC_Avg,DEC,2024-05-06T07:00:00,07:00 AM,15.85
DEC_Avg,DEC,2024-05-06T08:00:00,08:00 AM,19.13
DEC_Avg,DEC,2024-05-06T09:00:00,09:00 AM,21
DEC_Avg,DEC,2024-05-06T10:00:00,10:00 AM,17.89
DEC_Avg,DEC,2024-05-06T11:00:00,11:00 AM,19.23
DEC_Avg,DEC,2024-05-06T12:00:00,12:00 PM,20.65
DEC_Avg,DEC,2024-05-06T13:00:00,01:00 PM,17.33
DEC_Avg,DEC,2024-05-06T14:00:00,02:00 PM,14.1
DEC_Avg,DEC,2024-05-06T15:00:00,03:00 PM,12.01
DEC_Avg,DEC,2024-05-06T16:00:00,04:00 PM,13.49
DEC_Avg,DEC,2024-05-06T17:00:00,05:00 PM,11.3
DEC_Avg,DEC,2024-05-06T18:00:00,06:00 PM,10.32
DEC_Avg,DEC,2024-05-06T19:00:00,07:00 PM,9.07
DEC_Avg,DEC,2024-05-06T20:00:00,08:00 PM,9.46
DEC_Avg,DEC,2024-05-06T21:00:00,09:00 PM,10.1
DEC_Avg,DEC,2024-05-06T22:00:00,10:00 PM,9.64
DEC_Avg,DEC,2024-05-06T23:00:00,11:00 PM,9.21
DEC_Avg,DEC,2024-05-07T00:00:00,12:00 AM,8.79
DEC_Avg,DEC,2024-05-07T01:00:00,01:00 AM,9.68
DEC_Avg,DEC,2024-05-07T02:00:00,02:00 AM,9.81
DEC_Avg,DEC,2024-05-07T03:00:00,03:00 AM,10.13
DEC_Avg,DEC,2024-05-07T04:00:00,04:00 AM,8.09
DEC_Avg,DEC,2024-05-07T05:00:00,05:00 AM,6.74
DEC_Avg,DEC,2024-05-07T06:00:00,06:00 AM,5.85
DEC_Avg,DEC,2024-05-07T07:00:00,07:00 AM,5.3
DEC_Avg,DEC,2024-05-07T08:00:00,08:00 AM,3.7
DEC_Avg,DEC,2024-05-07T09:00:00,09:00 AM,3.3
DEC_Avg,DEC,2024-05-07T10:00:00,10:00 AM,3.62
DEC_Avg,DEC,2024-05-07T11:00:00,11:00 AM,3.44
DEC_Avg,DEC,2024-05-07T12:00:00,12:00 PM,3.06
Glendale,nyccas,2024-04-29T15:00:00,03:00 PM,11.06
Glendale,nyccas,2024-04-29T16:00:00,04:00 PM,17.64
Glendale,nyccas,2024-04-29T17:00:00,05:00 PM,18.36
Glendale,nyccas,2024-04-29T18:00:00,06:00 PM,17.44
Glendale,nyccas,2024-04-29T19:00:00,07:00 PM,17.13
Glendale,nyccas,2024-04-29T20:00:00,08:00 PM,21.19
Glendale,nyccas,2024-04-29T21:00:00,09:00 PM,23.97
Glendale,nyccas,2024-04-29T22:00:00,10:00 PM,24.01
Glendale,nyccas,2024-04-29T23:00:00,11:00 PM,24.38
Glendale,nyccas,2024-04-30T00:00:00,12:00 AM,26.08
Glendale,nyccas,2024-04-30T01:00:00,01:00 AM,27.8
Glendale,nyccas,2024-04-30T02:00:00,02:00 AM,25.52
Glendale,nyccas,2024-04-30T03:00:00,03:00 AM,23.47
Glendale,nyccas,2024-04-30T04:00:00,04:00 AM,21.57
Glendale,nyccas,2024-04-30T05:00:00,05:00 AM,22.65
Glendale,nyccas,2024-04-30T06:00:00,06:00 AM,19.69
Glendale,nyccas,2024-04-30T07:00:00,07:00 AM,15.38
Glendale,nyccas,2024-04-30T08:00:00,08:00 AM,18.16
Glendale,nyccas,2024-04-30T09:00:00,09:00 AM,16.4
Glendale,nyccas,2024-04-30T10:00:00,10:00 AM,18.2
Glendale,nyccas,2024-04-30T11:00:00,11:00 AM,18.1
Glendale,nyccas,2024-04-30T12:00:00,12:00 PM,15.93
Glendale,nyccas,2024-04-30T13:00:00,01:00 PM,14.32
Glendale,nyccas,2024-04-30T14:00:00,02:00 PM,13.32
Glendale,nyccas,2024-04-30T15:00:00,03:00 PM,12.65
Glendale,nyccas,2024-04-30T16:00:00,04:00 PM,12.11
Glendale,nyccas,2024-04-30T17:00:00,05:00 PM,11.5
Glendale,nyccas,2024-04-30T18:00:00,06:00 PM,11.21
Glendale,nyccas,2024-04-30T19:00:00,07:00 PM,8.51
Glendale,nyccas,2024-04-30T20:00:00,08:00 PM,9.06
Glendale,nyccas,2024-04-30T21:00:00,09:00 PM,8.38
Glendale,nyccas,2024-04-30T22:00:00,10:00 PM,7.44
Glendale,nyccas,2024-04-30T23:00:00,11:00 PM,6.98
Glendale,nyccas,2024-05-01T00:00:00,12:00 AM,7.88
Glendale,nyccas,2024-05-01T01:00:00,01:00 AM,9.32
Glendale,nyccas,2024-05-01T02:00:00,02:00 AM,10.83
Glendale,nyccas,2024-05-01T03:00:00,03:00 AM,11.59
Glendale,nyccas,2024-05-01T04:00:00,04:00 AM,11.09
Glendale,nyccas,2024-05-01T05:00:00,05:00 AM,11.1
Glendale,nyccas,2024-05-01T06:00:00,06:00 AM,11.96
Glendale,nyccas,2024-05-01T07:00:00,07:00 AM,16.79
Glendale,nyccas,2024-05-01T08:00:00,08:00 AM,20.79
Glendale,nyccas,2024-05-01T09:00:00,09:00 AM,22.14
Glendale,nyccas,2024-05-01T10:00:00,10:00 AM,21.24
Glendale,nyccas,2024-05-01T11:00:00,11:00 AM,24.32
Glendale,nyccas,2024-05-01T12:00:00,12:00 PM,58.61
Glendale,nyccas,2024-05-01T13:00:00,01:00 PM,22.01
Glendale,nyccas,2024-05-01T14:00:00,02:00 PM,15.76
Glendale,nyccas,2024-05-01T15:00:00,03:00 PM,15.26
Glendale,nyccas,2024-05-01T16:00:00,04:00 PM,10.54
Glendale,nyccas,2024-05-01T17:00:00,05:00 PM,6.58
Glendale,nyccas,2024-05-01T18:00:00,06:00 PM,5.49
Glendale,nyccas,2024-05-01T19:00:00,07:00 PM,6.56
Glendale,nyccas,2024-05-01T20:00:00,08:00 PM,8.53
Glendale,nyccas,2024-05-01T21:00:00,09:00 PM,8.23
Glendale,nyccas,2024-05-01T22:00:00,10:00 PM,10.69
Glendale,nyccas,2024-05-01T23:00:00,11:00 PM,9.66
Glendale,nyccas,2024-05-02T00:00:00,12:00 AM,9.51
Glendale,nyccas,2024-05-02T01:00:00,01:00 AM,7.32
Glendale,nyccas,2024-05-02T02:00:00,02:00 AM,6.98
Glendale,nyccas,2024-05-02T03:00:00,03:00 AM,5.62
Glendale,nyccas,2024-05-02T04:00:00,04:00 AM,6.39
Glendale,nyccas,2024-05-02T05:00:00,05:00 AM,6.65
Glendale,nyccas,2024-05-02T06:00:00,06:00 AM,7.41
Glendale,nyccas,2024-05-02T07:00:00,07:00 AM,7.49
Glendale,nyccas,2024-05-02T08:00:00,08:00 AM,7.89
Glendale,nyccas,2024-05-02T09:00:00,09:00 AM,12.1
Glendale,nyccas,2024-05-02T10:00:00,10:00 AM,17.24
Glendale,nyccas,2024-05-02T11:00:00,11:00 AM,23.87
Glendale,nyccas,2024-05-02T12:00:00,12:00 PM,22.19
Glendale,nyccas,2024-05-02T13:00:00,01:00 PM,19.55
Glendale,nyccas,2024-05-02T14:00:00,02:00 PM,16.48
Glendale,nyccas,2024-05-02T15:00:00,03:00 PM,14.51
Glendale,nyccas,2024-05-02T16:00:00,04:00 PM,15.14
Glendale,nyccas,2024-05-02T17:00:00,05:00 PM,15.66
Glendale,nyccas,2024-05-02T18:00:00,06:00 PM,15.49
Glendale,nyccas,2024-05-02T19:00:00,07:00 PM,18.35
Glendale,nyccas,2024-05-02T20:00:00,08:00 PM,17.31
Glendale,nyccas,2024-05-02T21:00:00,09:00 PM,16.94
Glendale,nyccas,2024-05-02T22:00:00,10:00 PM,15.31
Glendale,nyccas,2024-05-02T23:00:00,11:00 PM,9.46
Glendale,nyccas,2024-05-03T00:00:00,12:00 AM,6.5
Glendale,nyccas,2024-05-03T01:00:00,01:00 AM,6.59
Glendale,nyccas,2024-05-03T02:00:00,02:00 AM,7.1
Glendale,nyccas,2024-05-03T03:00:00,03:00 AM,7.02
Glendale,nyccas,2024-05-03T04:00:00,04:00 AM,7.83
Glendale,nyccas,2024-05-03T05:00:00,05:00 AM,7.44
Glendale,nyccas,2024-05-03T06:00:00,06:00 AM,6.99
Glendale,nyccas,2024-05-03T07:00:00,07:00 AM,6.94
Glendale,nyccas,2024-05-03T08:00:00,08:00 AM,7.08
Glendale,nyccas,2024-05-03T09:00:00,09:00 AM,6.31
Glendale,nyccas,2024-05-03T10:00:00,10:00 AM,5.64
Glendale,nyccas,2024-05-03T11:00:00,11:00 AM,5.33
Glendale,nyccas,2024-05-03T12:00:00,12:00 PM,5.33
Glendale,nyccas,2024-05-03T13:00:00,01:00 PM,6.23
Glendale,nyccas,2024-05-03T14:00:00,02:00 PM,6.57
Glendale,nyccas,2024-05-03T15:00:00,03:00 PM,5.34
Glendale,nyccas,2024-05-03T16:00:00,04:00 PM,4.91
Glendale,nyccas,2024-05-03T17:00:00,05:00 PM,5.04
Glendale,nyccas,2024-05-03T18:00:00,06:00 PM,4.79
Glendale,nyccas,2024-05-03T19:00:00,07:00 PM,4.76
Glendale,nyccas,2024-05-03T20:00:00,08:00 PM,6.54
Glendale,nyccas,2024-05-03T21:00:00,09:00 PM,6
Glendale,nyccas,2024-05-03T22:00:00,10:00 PM,6.39
Glendale,nyccas,2024-05-03T23:00:00,11:00 PM,6.42
Glendale,nyccas,2024-05-04T00:00:00,12:00 AM,6.24
Glendale,nyccas,2024-05-04T01:00:00,01:00 AM,5.84
Glendale,nyccas,2024-05-04T02:00:00,02:00 AM,5.65
Glendale,nyccas,2024-05-04T03:00:00,03:00 AM,5.37
Glendale,nyccas,2024-05-04T04:00:00,04:00 AM,5.9
Glendale,nyccas,2024-05-04T05:00:00,05:00 AM,5.86
Glendale,nyccas,2024-05-04T06:00:00,06:00 AM,5.89
Glendale,nyccas,2024-05-04T07:00:00,07:00 AM,5.52
Glendale,nyccas,2024-05-04T08:00:00,08:00 AM,5.23
Glendale,nyccas,2024-05-04T09:00:00,09:00 AM,6.09
Glendale,nyccas,2024-05-04T10:00:00,10:00 AM,6.88
Glendale,nyccas,2024-05-04T11:00:00,11:00 AM,6.23
Glendale,nyccas,2024-05-04T12:00:00,12:00 PM,4.27
Glendale,nyccas,2024-05-04T13:00:00,01:00 PM,4.49
Glendale,nyccas,2024-05-04T14:00:00,02:00 PM,3.6
Glendale,nyccas,2024-05-04T15:00:00,03:00 PM,3.3
Glendale,nyccas,2024-05-04T16:00:00,04:00 PM,4.36
Glendale,nyccas,2024-05-04T17:00:00,05:00 PM,4.72
Glendale,nyccas,2024-05-04T18:00:00,06:00 PM,4.37
Glendale,nyccas,2024-05-04T19:00:00,07:00 PM,4.12
Glendale,nyccas,2024-05-04T20:00:00,08:00 PM,4.06
Glendale,nyccas,2024-05-04T21:00:00,09:00 PM,4.45
Glendale,nyccas,2024-05-04T22:00:00,10:00 PM,4.36
Glendale,nyccas,2024-05-04T23:00:00,11:00 PM,4.74
Glendale,nyccas,2024-05-05T00:00:00,12:00 AM,5.28
Glendale,nyccas,2024-05-05T01:00:00,01:00 AM,4.87
Glendale,nyccas,2024-05-05T02:00:00,02:00 AM,4.62
Glendale,nyccas,2024-05-05T03:00:00,03:00 AM,4.72
Glendale,nyccas,2024-05-05T04:00:00,04:00 AM,4.83
Glendale,nyccas,2024-05-05T05:00:00,05:00 AM,5.47
Glendale,nyccas,2024-05-05T06:00:00,06:00 AM,5.35
Glendale,nyccas,2024-05-05T07:00:00,07:00 AM,4.83
Glendale,nyccas,2024-05-05T08:00:00,08:00 AM,4.64
Glendale,nyccas,2024-05-05T09:00:00,09:00 AM,5.09
Glendale,nyccas,2024-05-05T10:00:00,10:00 AM,6
Glendale,nyccas,2024-05-05T11:00:00,11:00 AM,6.25
Glendale,nyccas,2024-05-05T12:00:00,12:00 PM,6.55
Glendale,nyccas,2024-05-05T13:00:00,01:00 PM,6.66
Glendale,nyccas,2024-05-05T14:00:00,02:00 PM,7.18
Glendale,nyccas,2024-05-05T15:00:00,03:00 PM,5.63
Glendale,nyccas,2024-05-05T16:00:00,04:00 PM,4.86
Glendale,nyccas,2024-05-05T17:00:00,05:00 PM,5.46
Glendale,nyccas,2024-05-05T18:00:00,06:00 PM,5.73
Glendale,nyccas,2024-05-05T19:00:00,07:00 PM,7.11
Glendale,nyccas,2024-05-05T20:00:00,08:00 PM,7.34
Glendale,nyccas,2024-05-05T21:00:00,09:00 PM,10.19
Glendale,nyccas,2024-05-05T22:00:00,10:00 PM,14.16
Glendale,nyccas,2024-05-05T23:00:00,11:00 PM,17.24
Glendale,nyccas,2024-05-06T00:00:00,12:00 AM,19.89
Glendale,nyccas,2024-05-06T01:00:00,01:00 AM,16.28
Glendale,nyccas,2024-05-06T02:00:00,02:00 AM,15.74
Glendale,nyccas,2024-05-06T03:00:00,03:00 AM,13.15
Glendale,nyccas,2024-05-06T04:00:00,04:00 AM,12.78
Glendale,nyccas,2024-05-06T05:00:00,05:00 AM,12.43
Glendale,nyccas,2024-05-06T06:00:00,06:00 AM,12.22
Glendale,nyccas,2024-05-06T07:00:00,07:00 AM,15.8
Glendale,nyccas,2024-05-06T08:00:00,08:00 AM,22.92
Glendale,nyccas,2024-05-06T09:00:00,09:00 AM,25.36
Glendale,nyccas,2024-05-06T10:00:00,10:00 AM,29.57
Glendale,nyccas,2024-05-06T11:00:00,11:00 AM,33.66
Glendale,nyccas,2024-05-06T12:00:00,12:00 PM,27.04
Glendale,nyccas,2024-05-06T13:00:00,01:00 PM,22.96
Glendale,nyccas,2024-05-06T14:00:00,02:00 PM,26.83
Glendale,nyccas,2024-05-06T15:00:00,03:00 PM,22.83
Glendale,nyccas,2024-05-06T16:00:00,04:00 PM,24.07
Glendale,nyccas,2024-05-06T17:00:00,05:00 PM,19.9
Glendale,nyccas,2024-05-06T18:00:00,06:00 PM,19.71
Glendale,nyccas,2024-05-06T19:00:00,07:00 PM,14.33
Glendale,nyccas,2024-05-06T20:00:00,08:00 PM,14.1
Glendale,nyccas,2024-05-06T21:00:00,09:00 PM,16.81
Glendale,nyccas,2024-05-06T22:00:00,10:00 PM,17.7
Glendale,nyccas,2024-05-06T23:00:00,11:00 PM,18.71
Glendale,nyccas,2024-05-07T00:00:00,12:00 AM,15.42
Glendale,nyccas,2024-05-07T01:00:00,01:00 AM,15.51
Glendale,nyccas,2024-05-07T02:00:00,02:00 AM,15.98
Glendale,nyccas,2024-05-07T03:00:00,03:00 AM,16.2
Glendale,nyccas,2024-05-07T04:00:00,04:00 AM,12.23
Glendale,nyccas,2024-05-07T05:00:00,05:00 AM,7.93
Glendale,nyccas,2024-05-07T06:00:00,06:00 AM,7.18
Glendale,nyccas,2024-05-07T07:00:00,07:00 AM,6.17
Glendale,nyccas,2024-05-07T08:00:00,08:00 AM,6.37
Glendale,nyccas,2024-05-07T09:00:00,09:00 AM,6.48
Glendale,nyccas,2024-05-07T10:00:00,10:00 AM,7.62
Glendale,nyccas,2024-05-07T11:00:00,11:00 AM,9.52
Glendale,nyccas,2024-05-07T12:00:00,12:00 PM,5.93
Glendale,nyccas,2024-05-07T13:00:00,01:00 PM,5.15
Manhattan_Bridge,nyccas,2024-04-29T15:00:00,03:00 PM,25.03
Manhattan_Bridge,nyccas,2024-04-29T16:00:00,04:00 PM,23.07
Manhattan_Bridge,nyccas,2024-04-29T17:00:00,05:00 PM,27.49
Manhattan_Bridge,nyccas,2024-04-29T18:00:00,06:00 PM,25.69
Manhattan_Bridge,nyccas,2024-04-29T19:00:00,07:00 PM,28.54
Manhattan_Bridge,nyccas,2024-04-29T20:00:00,08:00 PM,34.51
Manhattan_Bridge,nyccas,2024-04-29T21:00:00,09:00 PM,37.99
Manhattan_Bridge,nyccas,2024-04-29T22:00:00,10:00 PM,41.05
Manhattan_Bridge,nyccas,2024-04-29T23:00:00,11:00 PM,42.07
Manhattan_Bridge,nyccas,2024-04-30T00:00:00,12:00 AM,43.15
Manhattan_Bridge,nyccas,2024-04-30T01:00:00,01:00 AM,45.57
Manhattan_Bridge,nyccas,2024-04-30T02:00:00,02:00 AM,43.93
Manhattan_Bridge,nyccas,2024-04-30T03:00:00,03:00 AM,39.31
Manhattan_Bridge,nyccas,2024-04-30T04:00:00,04:00 AM,36.73
Manhattan_Bridge,nyccas,2024-04-30T05:00:00,05:00 AM,24.02
Manhattan_Bridge,nyccas,2024-04-30T06:00:00,06:00 AM,23.39
Manhattan_Bridge,nyccas,2024-04-30T07:00:00,07:00 AM,24.15
Manhattan_Bridge,nyccas,2024-04-30T08:00:00,08:00 AM,24.79
Manhattan_Bridge,nyccas,2024-04-30T09:00:00,09:00 AM,22.35
Manhattan_Bridge,nyccas,2024-04-30T10:00:00,10:00 AM,25.27
Manhattan_Bridge,nyccas,2024-04-30T11:00:00,11:00 AM,23.7
Manhattan_Bridge,nyccas,2024-04-30T12:00:00,12:00 PM,19.37
Manhattan_Bridge,nyccas,2024-04-30T13:00:00,01:00 PM,18
Manhattan_Bridge,nyccas,2024-04-30T14:00:00,02:00 PM,19.34
Manhattan_Bridge,nyccas,2024-04-30T15:00:00,03:00 PM,18.19
Manhattan_Bridge,nyccas,2024-04-30T16:00:00,04:00 PM,16.35
Manhattan_Bridge,nyccas,2024-04-30T17:00:00,05:00 PM,16.29
Manhattan_Bridge,nyccas,2024-04-30T18:00:00,06:00 PM,16.61
Manhattan_Bridge,nyccas,2024-04-30T19:00:00,07:00 PM,15.84
Manhattan_Bridge,nyccas,2024-04-30T20:00:00,08:00 PM,14.51
Manhattan_Bridge,nyccas,2024-04-30T21:00:00,09:00 PM,14.28
Manhattan_Bridge,nyccas,2024-04-30T22:00:00,10:00 PM,16.74
Manhattan_Bridge,nyccas,2024-04-30T23:00:00,11:00 PM,17.35
Manhattan_Bridge,nyccas,2024-05-01T00:00:00,12:00 AM,15.55
Manhattan_Bridge,nyccas,2024-05-01T01:00:00,01:00 AM,14.64
Manhattan_Bridge,nyccas,2024-05-01T02:00:00,02:00 AM,15.66
Manhattan_Bridge,nyccas,2024-05-01T03:00:00,03:00 AM,15.1
Manhattan_Bridge,nyccas,2024-05-01T04:00:00,04:00 AM,14.6
Manhattan_Bridge,nyccas,2024-05-01T05:00:00,05:00 AM,15.62
Manhattan_Bridge,nyccas,2024-05-01T06:00:00,06:00 AM,19.07
Manhattan_Bridge,nyccas,2024-05-01T07:00:00,07:00 AM,20.67
Manhattan_Bridge,nyccas,2024-05-01T08:00:00,08:00 AM,28.68
Manhattan_Bridge,nyccas,2024-05-01T09:00:00,09:00 AM,32.72
Manhattan_Bridge,nyccas,2024-05-01T10:00:00,10:00 AM,35.34
Manhattan_Bridge,nyccas,2024-05-01T11:00:00,11:00 AM,31.69
Manhattan_Bridge,nyccas,2024-05-01T12:00:00,12:00 PM,20.26
Manhattan_Bridge,nyccas,2024-05-01T13:00:00,01:00 PM,18.5
Manhattan_Bridge,nyccas,2024-05-01T14:00:00,02:00 PM,18.72
Manhattan_Bridge,nyccas,2024-05-01T15:00:00,03:00 PM,18.97
Manhattan_Bridge,nyccas,2024-05-01T16:00:00,04:00 PM,20.63
Manhattan_Bridge,nyccas,2024-05-01T17:00:00,05:00 PM,15.26
Manhattan_Bridge,nyccas,2024-05-01T18:00:00,06:00 PM,13.2
Manhattan_Bridge,nyccas,2024-05-01T19:00:00,07:00 PM,13.43
Manhattan_Bridge,nyccas,2024-05-01T20:00:00,08:00 PM,13.94
Manhattan_Bridge,nyccas,2024-05-01T21:00:00,09:00 PM,14.62
Manhattan_Bridge,nyccas,2024-05-01T22:00:00,10:00 PM,15.68
Manhattan_Bridge,nyccas,2024-05-01T23:00:00,11:00 PM,17.12
Manhattan_Bridge,nyccas,2024-05-02T00:00:00,12:00 AM,16.82
Manhattan_Bridge,nyccas,2024-05-02T01:00:00,01:00 AM,17.11
Manhattan_Bridge,nyccas,2024-05-02T02:00:00,02:00 AM,13.55
Manhattan_Bridge,nyccas,2024-05-02T03:00:00,03:00 AM,14.2
Manhattan_Bridge,nyccas,2024-05-02T04:00:00,04:00 AM,15.3
Manhattan_Bridge,nyccas,2024-05-02T05:00:00,05:00 AM,20.51
Manhattan_Bridge,nyccas,2024-05-02T06:00:00,06:00 AM,20.12
Manhattan_Bridge,nyccas,2024-05-02T07:00:00,07:00 AM,16.44
Manhattan_Bridge,nyccas,2024-05-02T08:00:00,08:00 AM,17.75
Manhattan_Bridge,nyccas,2024-05-02T09:00:00,09:00 AM,21.35
Manhattan_Bridge,nyccas,2024-05-02T10:00:00,10:00 AM,27.67
Manhattan_Bridge,nyccas,2024-05-02T11:00:00,11:00 AM,32.16
Manhattan_Bridge,nyccas,2024-05-02T12:00:00,12:00 PM,30.6
Manhattan_Bridge,nyccas,2024-05-02T13:00:00,01:00 PM,25.69
Manhattan_Bridge,nyccas,2024-05-02T14:00:00,02:00 PM,22.59
Manhattan_Bridge,nyccas,2024-05-02T15:00:00,03:00 PM,21.76
Manhattan_Bridge,nyccas,2024-05-02T16:00:00,04:00 PM,21.79
Manhattan_Bridge,nyccas,2024-05-02T17:00:00,05:00 PM,21.95
Manhattan_Bridge,nyccas,2024-05-02T18:00:00,06:00 PM,22.96
Manhattan_Bridge,nyccas,2024-05-02T19:00:00,07:00 PM,24.47
Manhattan_Bridge,nyccas,2024-05-02T20:00:00,08:00 PM,25.67
Manhattan_Bridge,nyccas,2024-05-02T21:00:00,09:00 PM,22.92
Manhattan_Bridge,nyccas,2024-05-02T22:00:00,10:00 PM,15.43
Manhattan_Bridge,nyccas,2024-05-02T23:00:00,11:00 PM,5.6
Manhattan_Bridge,nyccas,2024-05-03T00:00:00,12:00 AM,5.1
Manhattan_Bridge,nyccas,2024-05-03T01:00:00,01:00 AM,16.28
Manhattan_Bridge,nyccas,2024-05-03T02:00:00,02:00 AM,9.1
Manhattan_Bridge,nyccas,2024-05-03T03:00:00,03:00 AM,11
Manhattan_Bridge,nyccas,2024-05-03T04:00:00,04:00 AM,12.78
Manhattan_Bridge,nyccas,2024-05-03T05:00:00,05:00 AM,12.21
Manhattan_Bridge,nyccas,2024-05-03T06:00:00,06:00 AM,11.78
Manhattan_Bridge,nyccas,2024-05-03T07:00:00,07:00 AM,10.19
Manhattan_Bridge,nyccas,2024-05-03T08:00:00,08:00 AM,10.71
Manhattan_Bridge,nyccas,2024-05-03T09:00:00,09:00 AM,8.94
Manhattan_Bridge,nyccas,2024-05-03T10:00:00,10:00 AM,8.51
Manhattan_Bridge,nyccas,2024-05-03T11:00:00,11:00 AM,8.17
Manhattan_Bridge,nyccas,2024-05-03T12:00:00,12:00 PM,7.66
Manhattan_Bridge,nyccas,2024-05-03T13:00:00,01:00 PM,8.24
Manhattan_Bridge,nyccas,2024-05-03T14:00:00,02:00 PM,8.71
Manhattan_Bridge,nyccas,2024-05-03T15:00:00,03:00 PM,7.87
Manhattan_Bridge,nyccas,2024-05-03T16:00:00,04:00 PM,7.38
Manhattan_Bridge,nyccas,2024-05-03T17:00:00,05:00 PM,7.19
Manhattan_Bridge,nyccas,2024-05-03T18:00:00,06:00 PM,7.74
Manhattan_Bridge,nyccas,2024-05-03T19:00:00,07:00 PM,8.45
Manhattan_Bridge,nyccas,2024-05-03T20:00:00,08:00 PM,8.59
Manhattan_Bridge,nyccas,2024-05-03T21:00:00,09:00 PM,10.06
Manhattan_Bridge,nyccas,2024-05-03T22:00:00,10:00 PM,9.22
Manhattan_Bridge,nyccas,2024-05-03T23:00:00,11:00 PM,9.79
Manhattan_Bridge,nyccas,2024-05-04T00:00:00,12:00 AM,9.3
Manhattan_Bridge,nyccas,2024-05-04T01:00:00,01:00 AM,8.26
Manhattan_Bridge,nyccas,2024-05-04T02:00:00,02:00 AM,8.26
Manhattan_Bridge,nyccas,2024-05-04T03:00:00,03:00 AM,9.64
Manhattan_Bridge,nyccas,2024-05-04T04:00:00,04:00 AM,7.82
Manhattan_Bridge,nyccas,2024-05-04T05:00:00,05:00 AM,7.83
Manhattan_Bridge,nyccas,2024-05-04T06:00:00,06:00 AM,7.98
Manhattan_Bridge,nyccas,2024-05-04T07:00:00,07:00 AM,7.24
Manhattan_Bridge,nyccas,2024-05-04T08:00:00,08:00 AM,7.01
Manhattan_Bridge,nyccas,2024-05-04T09:00:00,09:00 AM,6.91
Manhattan_Bridge,nyccas,2024-05-04T10:00:00,10:00 AM,6.92
Manhattan_Bridge,nyccas,2024-05-04T11:00:00,11:00 AM,6.25
Manhattan_Bridge,nyccas,2024-05-04T12:00:00,12:00 PM,6.72
Manhattan_Bridge,nyccas,2024-05-04T13:00:00,01:00 PM,6.81
Manhattan_Bridge,nyccas,2024-05-04T14:00:00,02:00 PM,6.41
Manhattan_Bridge,nyccas,2024-05-04T15:00:00,03:00 PM,6.11
Manhattan_Bridge,nyccas,2024-05-04T16:00:00,04:00 PM,5.74
Manhattan_Bridge,nyccas,2024-05-04T17:00:00,05:00 PM,6.05
Manhattan_Bridge,nyccas,2024-05-04T18:00:00,06:00 PM,5.67
Manhattan_Bridge,nyccas,2024-05-04T19:00:00,07:00 PM,6.4
Manhattan_Bridge,nyccas,2024-05-04T20:00:00,08:00 PM,6.32
Manhattan_Bridge,nyccas,2024-05-04T21:00:00,09:00 PM,6.63
Manhattan_Bridge,nyccas,2024-05-04T22:00:00,10:00 PM,7.12
Manhattan_Bridge,nyccas,2024-05-04T23:00:00,11:00 PM,6.79
Manhattan_Bridge,nyccas,2024-05-05T00:00:00,12:00 AM,7.55
Manhattan_Bridge,nyccas,2024-05-05T01:00:00,01:00 AM,7.53
Manhattan_Bridge,nyccas,2024-05-05T02:00:00,02:00 AM,7.14
Manhattan_Bridge,nyccas,2024-05-05T03:00:00,03:00 AM,7.17
Manhattan_Bridge,nyccas,2024-05-05T04:00:00,04:00 AM,7.32
Manhattan_Bridge,nyccas,2024-05-05T05:00:00,05:00 AM,7.77
Manhattan_Bridge,nyccas,2024-05-05T06:00:00,06:00 AM,10.05
Manhattan_Bridge,nyccas,2024-05-05T07:00:00,07:00 AM,7.9
Manhattan_Bridge,nyccas,2024-05-05T08:00:00,08:00 AM,7.91
Manhattan_Bridge,nyccas,2024-05-05T09:00:00,09:00 AM,7.95
Manhattan_Bridge,nyccas,2024-05-05T10:00:00,10:00 AM,8.98
Manhattan_Bridge,nyccas,2024-05-05T11:00:00,11:00 AM,11
Manhattan_Bridge,nyccas,2024-05-05T12:00:00,12:00 PM,11.36
Manhattan_Bridge,nyccas,2024-05-05T13:00:00,01:00 PM,11.7
Manhattan_Bridge,nyccas,2024-05-05T14:00:00,02:00 PM,11.74
Manhattan_Bridge,nyccas,2024-05-05T15:00:00,03:00 PM,8.3
Manhattan_Bridge,nyccas,2024-05-05T16:00:00,04:00 PM,7.64
Manhattan_Bridge,nyccas,2024-05-05T17:00:00,05:00 PM,8.98
Manhattan_Bridge,nyccas,2024-05-05T18:00:00,06:00 PM,9.14
Manhattan_Bridge,nyccas,2024-05-05T19:00:00,07:00 PM,9.14
Manhattan_Bridge,nyccas,2024-05-05T20:00:00,08:00 PM,11.12
Manhattan_Bridge,nyccas,2024-05-05T21:00:00,09:00 PM,16.09
Manhattan_Bridge,nyccas,2024-05-05T22:00:00,10:00 PM,22.39
Manhattan_Bridge,nyccas,2024-05-05T23:00:00,11:00 PM,30.76
Manhattan_Bridge,nyccas,2024-05-06T00:00:00,12:00 AM,30.62
Manhattan_Bridge,nyccas,2024-05-06T01:00:00,01:00 AM,32.3
Manhattan_Bridge,nyccas,2024-05-06T02:00:00,02:00 AM,28.4
Manhattan_Bridge,nyccas,2024-05-06T03:00:00,03:00 AM,23.23
Manhattan_Bridge,nyccas,2024-05-06T04:00:00,04:00 AM,27.57
Manhattan_Bridge,nyccas,2024-05-06T05:00:00,05:00 AM,28.66
Manhattan_Bridge,nyccas,2024-05-06T06:00:00,06:00 AM,31.59
Manhattan_Bridge,nyccas,2024-05-06T07:00:00,07:00 AM,34.55
Manhattan_Bridge,nyccas,2024-05-06T08:00:00,08:00 AM,40.72
Manhattan_Bridge,nyccas,2024-05-06T09:00:00,09:00 AM,44.4
Manhattan_Bridge,nyccas,2024-05-06T10:00:00,10:00 AM,46.78
Manhattan_Bridge,nyccas,2024-05-06T11:00:00,11:00 AM,45.11
Manhattan_Bridge,nyccas,2024-05-06T12:00:00,12:00 PM,44.38
Manhattan_Bridge,nyccas,2024-05-06T13:00:00,01:00 PM,49.58
Manhattan_Bridge,nyccas,2024-05-06T14:00:00,02:00 PM,45.11
Manhattan_Bridge,nyccas,2024-05-06T15:00:00,03:00 PM,40.2
Manhattan_Bridge,nyccas,2024-05-06T16:00:00,04:00 PM,30.68
Manhattan_Bridge,nyccas,2024-05-06T17:00:00,05:00 PM,28.12
Manhattan_Bridge,nyccas,2024-05-06T18:00:00,06:00 PM,27.54
Manhattan_Bridge,nyccas,2024-05-06T19:00:00,07:00 PM,23.29
Manhattan_Bridge,nyccas,2024-05-06T20:00:00,08:00 PM,21.78
Manhattan_Bridge,nyccas,2024-05-06T21:00:00,09:00 PM,21.74
Manhattan_Bridge,nyccas,2024-05-06T22:00:00,10:00 PM,19.46
Manhattan_Bridge,nyccas,2024-05-06T23:00:00,11:00 PM,20.7
Manhattan_Bridge,nyccas,2024-05-07T00:00:00,12:00 AM,21.17
Manhattan_Bridge,nyccas,2024-05-07T01:00:00,01:00 AM,22.87
Manhattan_Bridge,nyccas,2024-05-07T02:00:00,02:00 AM,24.37
Manhattan_Bridge,nyccas,2024-05-07T03:00:00,03:00 AM,23.58
Manhattan_Bridge,nyccas,2024-05-07T04:00:00,04:00 AM,15.34
Manhattan_Bridge,nyccas,2024-05-07T05:00:00,05:00 AM,10.02
Manhattan_Bridge,nyccas,2024-05-07T06:00:00,06:00 AM,10.78
Manhattan_Bridge,nyccas,2024-05-07T07:00:00,07:00 AM,8.14
Manhattan_Bridge,nyccas,2024-05-07T08:00:00,08:00 AM,7.44
Manhattan_Bridge,nyccas,2024-05-07T09:00:00,09:00 AM,6.91
Manhattan_Bridge,nyccas,2024-05-07T10:00:00,10:00 AM,7.19
Manhattan_Bridge,nyccas,2024-05-07T11:00:00,11:00 AM,8.69
Manhattan_Bridge,nyccas,2024-05-07T12:00:00,12:00 PM,8.58
Manhattan_Bridge,nyccas,2024-05-07T13:00:00,01:00 PM,7.83
Queens_College,nyccas,2024-04-29T15:00:00,03:00 PM,15.36
Queens_College,nyccas,2024-04-29T16:00:00,04:00 PM,13.17
Queens_College,nyccas,2024-04-29T17:00:00,05:00 PM,15.46
Queens_College,nyccas,2024-04-29T18:00:00,06:00 PM,14.69
Queens_College,nyccas,2024-04-29T19:00:00,07:00 PM,14.69
Queens_College,nyccas,2024-04-29T20:00:00,08:00 PM,16.84
Queens_College,nyccas,2024-04-29T21:00:00,09:00 PM,19.25
Queens_College,nyccas,2024-04-29T22:00:00,10:00 PM,19.07
Queens_College,nyccas,2024-04-29T23:00:00,11:00 PM,18.96
Queens_College,nyccas,2024-04-30T00:00:00,12:00 AM,22.29
Queens_College,nyccas,2024-04-30T01:00:00,01:00 AM,22.88
Queens_College,nyccas,2024-04-30T02:00:00,02:00 AM,20.17
Queens_College,nyccas,2024-04-30T03:00:00,03:00 AM,18.33
Queens_College,nyccas,2024-04-30T04:00:00,04:00 AM,18.65
Queens_College,nyccas,2024-04-30T05:00:00,05:00 AM,20.43
Queens_College,nyccas,2024-04-30T06:00:00,06:00 AM,10.58
Queens_College,nyccas,2024-04-30T07:00:00,07:00 AM,9.87
Queens_College,nyccas,2024-04-30T08:00:00,08:00 AM,12.01
Queens_College,nyccas,2024-04-30T09:00:00,09:00 AM,12.06
Queens_College,nyccas,2024-04-30T10:00:00,10:00 AM,12.93
Queens_College,nyccas,2024-04-30T11:00:00,11:00 AM,14.61
Queens_College,nyccas,2024-04-30T12:00:00,12:00 PM,11.12
Queens_College,nyccas,2024-04-30T13:00:00,01:00 PM,10.63
Queens_College,nyccas,2024-04-30T14:00:00,02:00 PM,10.19
Queens_College,nyccas,2024-04-30T15:00:00,03:00 PM,9.06
Queens_College,nyccas,2024-04-30T16:00:00,04:00 PM,8.96
Queens_College,nyccas,2024-04-30T17:00:00,05:00 PM,8.51
Queens_College,nyccas,2024-04-30T18:00:00,06:00 PM,7.06
Queens_College,nyccas,2024-04-30T19:00:00,07:00 PM,4.93
Queens_College,nyccas,2024-04-30T20:00:00,08:00 PM,6.15
Queens_College,nyccas,2024-04-30T21:00:00,09:00 PM,4.53
Queens_College,nyccas,2024-04-30T22:00:00,10:00 PM,4.02
Queens_College,nyccas,2024-04-30T23:00:00,11:00 PM,4.18
Queens_College,nyccas,2024-05-01T00:00:00,12:00 AM,7.21
Queens_College,nyccas,2024-05-01T01:00:00,01:00 AM,8.64
Queens_College,nyccas,2024-05-01T02:00:00,02:00 AM,10.03
Queens_College,nyccas,2024-05-01T03:00:00,03:00 AM,9.63
Queens_College,nyccas,2024-05-01T04:00:00,04:00 AM,9.1
Queens_College,nyccas,2024-05-01T05:00:00,05:00 AM,8.85
Queens_College,nyccas,2024-05-01T06:00:00,06:00 AM,8.6
Queens_College,nyccas,2024-05-01T07:00:00,07:00 AM,12.24
Queens_College,nyccas,2024-05-01T08:00:00,08:00 AM,16.2
Queens_College,nyccas,2024-05-01T09:00:00,09:00 AM,19.02
Queens_College,nyccas,2024-05-01T10:00:00,10:00 AM,17.98
Queens_College,nyccas,2024-05-01T11:00:00,11:00 AM,18.29
Queens_College,nyccas,2024-05-01T12:00:00,12:00 PM,17.88
Queens_College,nyccas,2024-05-01T13:00:00,01:00 PM,20.71
Queens_College,nyccas,2024-05-01T14:00:00,02:00 PM,18.13
Queens_College,nyccas,2024-05-01T15:00:00,03:00 PM,13.6
Queens_College,nyccas,2024-05-01T16:00:00,04:00 PM,7.96
Queens_College,nyccas,2024-05-01T17:00:00,05:00 PM,6.53
Queens_College,nyccas,2024-05-01T18:00:00,06:00 PM,6.41
Queens_College,nyccas,2024-05-01T19:00:00,07:00 PM,5.53
Queens_College,nyccas,2024-05-01T20:00:00,08:00 PM,6.4
Queens_College,nyccas,2024-05-01T21:00:00,09:00 PM,6.92
Queens_College,nyccas,2024-05-01T22:00:00,10:00 PM,8.71
Queens_College,nyccas,2024-05-01T23:00:00,11:00 PM,7.16
Queens_College,nyccas,2024-05-02T00:00:00,12:00 AM,7.32
Queens_College,nyccas,2024-05-02T01:00:00,01:00 AM,7.21
Queens_College,nyccas,2024-05-02T02:00:00,02:00 AM,5.81
Queens_College,nyccas,2024-05-02T03:00:00,03:00 AM,6.74
Queens_College,nyccas,2024-05-02T04:00:00,04:00 AM,7.4
Queens_College,nyccas,2024-05-02T05:00:00,05:00 AM,7.34
Queens_College,nyccas,2024-05-02T06:00:00,06:00 AM,6.52
Queens_College,nyccas,2024-05-02T07:00:00,07:00 AM,6.75
Queens_College,nyccas,2024-05-02T08:00:00,08:00 AM,6.47
Queens_College,nyccas,2024-05-02T09:00:00,09:00 AM,9.36
Queens_College,nyccas,2024-05-02T10:00:00,10:00 AM,13.67
Queens_College,nyccas,2024-05-02T11:00:00,11:00 AM,19.12
Queens_College,nyccas,2024-05-02T12:00:00,12:00 PM,19.83
Queens_College,nyccas,2024-05-02T13:00:00,01:00 PM,19.51
Queens_College,nyccas,2024-05-02T14:00:00,02:00 PM,18.29
Queens_College,nyccas,2024-05-02T15:00:00,03:00 PM,15
Queens_College,nyccas,2024-05-02T16:00:00,04:00 PM,13.81
Queens_College,nyccas,2024-05-02T17:00:00,05:00 PM,12.31
Queens_College,nyccas,2024-05-02T18:00:00,06:00 PM,11.65
Queens_College,nyccas,2024-05-02T19:00:00,07:00 PM,11.5
Queens_College,nyccas,2024-05-02T20:00:00,08:00 PM,11.95
Queens_College,nyccas,2024-05-02T21:00:00,09:00 PM,10.73
Queens_College,nyccas,2024-05-02T22:00:00,10:00 PM,10.51
Queens_College,nyccas,2024-05-02T23:00:00,11:00 PM,6.36
Queens_College,nyccas,2024-05-03T00:00:00,12:00 AM,4.79
Queens_College,nyccas,2024-05-03T01:00:00,01:00 AM,5.95
Queens_College,nyccas,2024-05-03T02:00:00,02:00 AM,6.41
Queens_College,nyccas,2024-05-03T03:00:00,03:00 AM,6.5
Queens_College,nyccas,2024-05-03T04:00:00,04:00 AM,7.65
Queens_College,nyccas,2024-05-03T05:00:00,05:00 AM,7.16
Queens_College,nyccas,2024-05-03T06:00:00,06:00 AM,6.75
Queens_College,nyccas,2024-05-03T07:00:00,07:00 AM,6.74
Queens_College,nyccas,2024-05-03T08:00:00,08:00 AM,5.7
Queens_College,nyccas,2024-05-03T09:00:00,09:00 AM,5.46
Queens_College,nyccas,2024-05-03T10:00:00,10:00 AM,5.01
Queens_College,nyccas,2024-05-03T11:00:00,11:00 AM,4.7
Queens_College,nyccas,2024-05-03T12:00:00,12:00 PM,4.73
Queens_College,nyccas,2024-05-03T13:00:00,01:00 PM,5.9
Queens_College,nyccas,2024-05-03T14:00:00,02:00 PM,6.81
Queens_College,nyccas,2024-05-03T15:00:00,03:00 PM,6.22
Queens_College,nyccas,2024-05-03T16:00:00,04:00 PM,3.73
Queens_College,nyccas,2024-05-03T17:00:00,05:00 PM,3.21
Queens_College,nyccas,2024-05-03T18:00:00,06:00 PM,3.21
Queens_College,nyccas,2024-05-03T19:00:00,07:00 PM,3.4
Queens_College,nyccas,2024-05-03T20:00:00,08:00 PM,5.05
Queens_College,nyccas,2024-05-03T21:00:00,09:00 PM,4.82
Queens_College,nyccas,2024-05-03T22:00:00,10:00 PM,4.95
Queens_College,nyccas,2024-05-03T23:00:00,11:00 PM,4.98
Queens_College,nyccas,2024-05-04T00:00:00,12:00 AM,5.38
Queens_College,nyccas,2024-05-04T01:00:00,01:00 AM,5.31
Queens_College,nyccas,2024-05-04T02:00:00,02:00 AM,5.33
Queens_College,nyccas,2024-05-04T03:00:00,03:00 AM,5.26
Queens_College,nyccas,2024-05-04T04:00:00,04:00 AM,4.8
Queens_College,nyccas,2024-05-04T05:00:00,05:00 AM,5.19
Queens_College,nyccas,2024-05-04T06:00:00,06:00 AM,5.26
Queens_College,nyccas,2024-05-04T07:00:00,07:00 AM,5.11
Queens_College,nyccas,2024-05-04T08:00:00,08:00 AM,5.29
Queens_College,nyccas,2024-05-04T09:00:00,09:00 AM,6.03
Queens_College,nyccas,2024-05-04T10:00:00,10:00 AM,6.26
Queens_College,nyccas,2024-05-04T11:00:00,11:00 AM,5.84
Queens_College,nyccas,2024-05-04T12:00:00,12:00 PM,4.05
Queens_College,nyccas,2024-05-04T13:00:00,01:00 PM,3.45
Queens_College,nyccas,2024-05-04T14:00:00,02:00 PM,3.21
Queens_College,nyccas,2024-05-04T15:00:00,03:00 PM,3.3
Queens_College,nyccas,2024-05-04T16:00:00,04:00 PM,3.9
Queens_College,nyccas,2024-05-04T17:00:00,05:00 PM,3.85
Queens_College,nyccas,2024-05-04T18:00:00,06:00 PM,4
Queens_College,nyccas,2024-05-04T19:00:00,07:00 PM,3.81
Queens_College,nyccas,2024-05-04T20:00:00,08:00 PM,3.75
Queens_College,nyccas,2024-05-04T21:00:00,09:00 PM,4.29
Queens_College,nyccas,2024-05-04T22:00:00,10:00 PM,4.47
Queens_College,nyccas,2024-05-04T23:00:00,11:00 PM,4.73
Queens_College,nyccas,2024-05-05T00:00:00,12:00 AM,4.79
Queens_College,nyccas,2024-05-05T01:00:00,01:00 AM,4.48
Queens_College,nyccas,2024-05-05T02:00:00,02:00 AM,4.39
Queens_College,nyccas,2024-05-05T03:00:00,03:00 AM,4.35
Queens_College,nyccas,2024-05-05T04:00:00,04:00 AM,4.49
Queens_College,nyccas,2024-05-05T05:00:00,05:00 AM,4.86
Queens_College,nyccas,2024-05-05T06:00:00,06:00 AM,4.48
Queens_College,nyccas,2024-05-05T07:00:00,07:00 AM,4.29
Queens_College,nyccas,2024-05-05T08:00:00,08:00 AM,4.33
Queens_College,nyccas,2024-05-05T09:00:00,09:00 AM,4.84
Queens_College,nyccas,2024-05-05T10:00:00,10:00 AM,6.2
Queens_College,nyccas,2024-05-05T11:00:00,11:00 AM,5.78
Queens_College,nyccas,2024-05-05T12:00:00,12:00 PM,5.34
Queens_College,nyccas,2024-05-05T13:00:00,01:00 PM,6.04
Queens_College,nyccas,2024-05-05T14:00:00,02:00 PM,5.81
Queens_College,nyccas,2024-05-05T15:00:00,03:00 PM,4.47
Queens_College,nyccas,2024-05-05T16:00:00,04:00 PM,4.05
Queens_College,nyccas,2024-05-05T17:00:00,05:00 PM,4.08
Queens_College,nyccas,2024-05-05T18:00:00,06:00 PM,4.23
Queens_College,nyccas,2024-05-05T19:00:00,07:00 PM,4.39
Queens_College,nyccas,2024-05-05T20:00:00,08:00 PM,4.18
Queens_College,nyccas,2024-05-05T21:00:00,09:00 PM,5.77
Queens_College,nyccas,2024-05-05T22:00:00,10:00 PM,9.37
Queens_College,nyccas,2024-05-05T23:00:00,11:00 PM,11.67
Queens_College,nyccas,2024-05-06T00:00:00,12:00 AM,10.56
Queens_College,nyccas,2024-05-06T01:00:00,01:00 AM,10.82
Queens_College,nyccas,2024-05-06T02:00:00,02:00 AM,9.11
Queens_College,nyccas,2024-05-06T03:00:00,03:00 AM,8.88
Queens_College,nyccas,2024-05-06T04:00:00,04:00 AM,7.78
Queens_College,nyccas,2024-05-06T05:00:00,05:00 AM,5.87
Queens_College,nyccas,2024-05-06T06:00:00,06:00 AM,5.67
Queens_College,nyccas,2024-05-06T07:00:00,07:00 AM,9.23
Queens_College,nyccas,2024-05-06T08:00:00,08:00 AM,12.33
Queens_College,nyccas,2024-05-06T09:00:00,09:00 AM,14.61
Queens_College,nyccas,2024-05-06T10:00:00,10:00 AM,16.24
Queens_College,nyccas,2024-05-06T11:00:00,11:00 AM,22.82
Queens_College,nyccas,2024-05-06T12:00:00,12:00 PM,30.26
Queens_College,nyccas,2024-05-06T13:00:00,01:00 PM,24.7
Queens_College,nyccas,2024-05-06T14:00:00,02:00 PM,24.63
Queens_College,nyccas,2024-05-06T15:00:00,03:00 PM,24.37
Queens_College,nyccas,2024-05-06T16:00:00,04:00 PM,21.55
Queens_College,nyccas,2024-05-06T17:00:00,05:00 PM,18.83
Queens_College,nyccas,2024-05-06T18:00:00,06:00 PM,16.54
Queens_College,nyccas,2024-05-06T19:00:00,07:00 PM,11.98
Queens_College,nyccas,2024-05-06T20:00:00,08:00 PM,10.9
Queens_College,nyccas,2024-05-06T21:00:00,09:00 PM,11.91
Queens_College,nyccas,2024-05-06T22:00:00,10:00 PM,12.68
Queens_College,nyccas,2024-05-06T23:00:00,11:00 PM,13.32
Queensboro_Bridge,nyccas,2024-05-05T04:00:00,04:00 AM,9.09
Queensboro_Bridge,nyccas,2024-05-05T05:00:00,05:00 AM,9.79
Queensboro_Bridge,nyccas,2024-05-05T06:00:00,06:00 AM,12.67
Queensboro_Bridge,nyccas,2024-05-05T07:00:00,07:00 AM,9.66
Van_Wyck,nyccas,2024-04-29T15:00:00,03:00 PM,13.99
Van_Wyck,nyccas,2024-04-29T16:00:00,04:00 PM,17.46
Van_Wyck,nyccas,2024-04-29T17:00:00,05:00 PM,20.48
Van_Wyck,nyccas,2024-04-29T18:00:00,06:00 PM,16.62
Van_Wyck,nyccas,2024-04-29T19:00:00,07:00 PM,16.79
Van_Wyck,nyccas,2024-04-29T20:00:00,08:00 PM,20.43
Van_Wyck,nyccas,2024-04-29T21:00:00,09:00 PM,23.24
Van_Wyck,nyccas,2024-04-29T22:00:00,10:00 PM,22.23
Van_Wyck,nyccas,2024-04-29T23:00:00,11:00 PM,23.31
Van_Wyck,nyccas,2024-04-30T00:00:00,12:00 AM,25.55
Van_Wyck,nyccas,2024-04-30T01:00:00,01:00 AM,26.06
Van_Wyck,nyccas,2024-04-30T02:00:00,02:00 AM,22.67
Van_Wyck,nyccas,2024-04-30T03:00:00,03:00 AM,21.85
Van_Wyck,nyccas,2024-04-30T04:00:00,04:00 AM,20.87
Van_Wyck,nyccas,2024-04-30T05:00:00,05:00 AM,20.68
Van_Wyck,nyccas,2024-04-30T06:00:00,06:00 AM,19.93
Van_Wyck,nyccas,2024-04-30T07:00:00,07:00 AM,20.87
Van_Wyck,nyccas,2024-04-30T08:00:00,08:00 AM,18.03
Van_Wyck,nyccas,2024-04-30T09:00:00,09:00 AM,22.19
Van_Wyck,nyccas,2024-04-30T10:00:00,10:00 AM,25.34
Van_Wyck,nyccas,2024-04-30T11:00:00,11:00 AM,16.78
Van_Wyck,nyccas,2024-04-30T12:00:00,12:00 PM,21.68
Van_Wyck,nyccas,2024-04-30T13:00:00,01:00 PM,14.75
Van_Wyck,nyccas,2024-04-30T14:00:00,02:00 PM,12.43
Van_Wyck,nyccas,2024-04-30T15:00:00,03:00 PM,11.27
Van_Wyck,nyccas,2024-04-30T16:00:00,04:00 PM,11.12
Van_Wyck,nyccas,2024-04-30T17:00:00,05:00 PM,11.04
Van_Wyck,nyccas,2024-04-30T18:00:00,06:00 PM,10.67
Van_Wyck,nyccas,2024-04-30T19:00:00,07:00 PM,9.39
Van_Wyck,nyccas,2024-04-30T20:00:00,08:00 PM,8.93
Van_Wyck,nyccas,2024-04-30T21:00:00,09:00 PM,9.42
Van_Wyck,nyccas,2024-04-30T22:00:00,10:00 PM,8.73
Van_Wyck,nyccas,2024-04-30T23:00:00,11:00 PM,8.59
Van_Wyck,nyccas,2024-05-01T00:00:00,12:00 AM,7.68
Van_Wyck,nyccas,2024-05-01T01:00:00,01:00 AM,9.03
Van_Wyck,nyccas,2024-05-01T02:00:00,02:00 AM,10.21
Van_Wyck,nyccas,2024-05-01T03:00:00,03:00 AM,11.69
Van_Wyck,nyccas,2024-05-01T04:00:00,04:00 AM,12.35
Van_Wyck,nyccas,2024-05-01T05:00:00,05:00 AM,11.83
Van_Wyck,nyccas,2024-05-01T06:00:00,06:00 AM,11.63
Van_Wyck,nyccas,2024-05-01T07:00:00,07:00 AM,13.55
Van_Wyck,nyccas,2024-05-01T08:00:00,08:00 AM,17.02
Van_Wyck,nyccas,2024-05-01T09:00:00,09:00 AM,17.53
Van_Wyck,nyccas,2024-05-01T10:00:00,10:00 AM,16.79
Van_Wyck,nyccas,2024-05-01T11:00:00,11:00 AM,18.95
Van_Wyck,nyccas,2024-05-01T12:00:00,12:00 PM,22.68
Van_Wyck,nyccas,2024-05-01T13:00:00,01:00 PM,24.89
Van_Wyck,nyccas,2024-05-01T14:00:00,02:00 PM,20.62
Van_Wyck,nyccas,2024-05-01T15:00:00,03:00 PM,13.84
Van_Wyck,nyccas,2024-05-01T16:00:00,04:00 PM,9.55
Van_Wyck,nyccas,2024-05-01T17:00:00,05:00 PM,9.36
Van_Wyck,nyccas,2024-05-01T18:00:00,06:00 PM,9.42
Van_Wyck,nyccas,2024-05-01T19:00:00,07:00 PM,8.92
Van_Wyck,nyccas,2024-05-01T20:00:00,08:00 PM,8.19
Van_Wyck,nyccas,2024-05-01T21:00:00,09:00 PM,9.13
Van_Wyck,nyccas,2024-05-01T22:00:00,10:00 PM,10.36
Van_Wyck,nyccas,2024-05-01T23:00:00,11:00 PM,9.25
Van_Wyck,nyccas,2024-05-02T00:00:00,12:00 AM,7.61
Van_Wyck,nyccas,2024-05-02T01:00:00,01:00 AM,6.73
Van_Wyck,nyccas,2024-05-02T02:00:00,02:00 AM,5.82
Van_Wyck,nyccas,2024-05-02T03:00:00,03:00 AM,6.19
Van_Wyck,nyccas,2024-05-02T04:00:00,04:00 AM,7.44
Van_Wyck,nyccas,2024-05-02T05:00:00,05:00 AM,6.83
Van_Wyck,nyccas,2024-05-02T06:00:00,06:00 AM,6.85
Van_Wyck,nyccas,2024-05-02T07:00:00,07:00 AM,7.24
Van_Wyck,nyccas,2024-05-02T08:00:00,08:00 AM,7.41
Van_Wyck,nyccas,2024-05-02T09:00:00,09:00 AM,9.31
Van_Wyck,nyccas,2024-05-02T10:00:00,10:00 AM,12.95
Van_Wyck,nyccas,2024-05-02T11:00:00,11:00 AM,17.01
Van_Wyck,nyccas,2024-05-02T12:00:00,12:00 PM,21.32
Van_Wyck,nyccas,2024-05-02T13:00:00,01:00 PM,21.05
Van_Wyck,nyccas,2024-05-02T14:00:00,02:00 PM,18.49
Van_Wyck,nyccas,2024-05-02T15:00:00,03:00 PM,15.05
Van_Wyck,nyccas,2024-05-02T16:00:00,04:00 PM,13.95
Van_Wyck,nyccas,2024-05-02T17:00:00,05:00 PM,14.24
Van_Wyck,nyccas,2024-05-02T18:00:00,06:00 PM,14.42
Van_Wyck,nyccas,2024-05-02T19:00:00,07:00 PM,14.8
Van_Wyck,nyccas,2024-05-02T20:00:00,08:00 PM,16.18
Van_Wyck,nyccas,2024-05-02T21:00:00,09:00 PM,15.24
Van_Wyck,nyccas,2024-05-02T22:00:00,10:00 PM,13.17
Van_Wyck,nyccas,2024-05-02T23:00:00,11:00 PM,8.01
Van_Wyck,nyccas,2024-05-03T00:00:00,12:00 AM,5.92
Van_Wyck,nyccas,2024-05-03T01:00:00,01:00 AM,7.66
Van_Wyck,nyccas,2024-05-03T02:00:00,02:00 AM,7.73
Van_Wyck,nyccas,2024-05-03T03:00:00,03:00 AM,8.31
Van_Wyck,nyccas,2024-05-03T04:00:00,04:00 AM,7.92
Van_Wyck,nyccas,2024-05-03T05:00:00,05:00 AM,8.21
Van_Wyck,nyccas,2024-05-03T06:00:00,06:00 AM,8.09
Van_Wyck,nyccas,2024-05-03T07:00:00,07:00 AM,7.91
Van_Wyck,nyccas,2024-05-03T08:00:00,08:00 AM,7.27
Van_Wyck,nyccas,2024-05-03T09:00:00,09:00 AM,6.39
Van_Wyck,nyccas,2024-05-03T10:00:00,10:00 AM,6.15
Van_Wyck,nyccas,2024-05-03T11:00:00,11:00 AM,4.94
Van_Wyck,nyccas,2024-05-03T12:00:00,12:00 PM,4.61
Van_Wyck,nyccas,2024-05-03T13:00:00,01:00 PM,5.74
Van_Wyck,nyccas,2024-05-03T14:00:00,02:00 PM,5.15
Van_Wyck,nyccas,2024-05-03T15:00:00,03:00 PM,5.04
Van_Wyck,nyccas,2024-05-03T16:00:00,04:00 PM,5.13
Van_Wyck,nyccas,2024-05-03T17:00:00,05:00 PM,5.63
Van_Wyck,nyccas,2024-05-03T18:00:00,06:00 PM,5.97
Van_Wyck,nyccas,2024-05-03T19:00:00,07:00 PM,6.21
Van_Wyck,nyccas,2024-05-03T20:00:00,08:00 PM,6.02
Van_Wyck,nyccas,2024-05-03T21:00:00,09:00 PM,6
Van_Wyck,nyccas,2024-05-03T22:00:00,10:00 PM,6.16
Van_Wyck,nyccas,2024-05-03T23:00:00,11:00 PM,5.68
Van_Wyck,nyccas,2024-05-04T00:00:00,12:00 AM,5.7
Van_Wyck,nyccas,2024-05-04T01:00:00,01:00 AM,5.5
Van_Wyck,nyccas,2024-05-04T02:00:00,02:00 AM,5.5
Van_Wyck,nyccas,2024-05-04T03:00:00,03:00 AM,5.53
Van_Wyck,nyccas,2024-05-04T04:00:00,04:00 AM,5.17
Van_Wyck,nyccas,2024-05-04T05:00:00,05:00 AM,4.81
Van_Wyck,nyccas,2024-05-04T06:00:00,06:00 AM,4.97
Van_Wyck,nyccas,2024-05-04T07:00:00,07:00 AM,4.66
Van_Wyck,nyccas,2024-05-04T08:00:00,08:00 AM,4.98
Van_Wyck,nyccas,2024-05-04T09:00:00,09:00 AM,4.79
Van_Wyck,nyccas,2024-05-04T10:00:00,10:00 AM,3.89
Van_Wyck,nyccas,2024-05-04T11:00:00,11:00 AM,3.56
Van_Wyck,nyccas,2024-05-04T12:00:00,12:00 PM,4.6
Van_Wyck,nyccas,2024-05-04T13:00:00,01:00 PM,4.89
Van_Wyck,nyccas,2024-05-04T14:00:00,02:00 PM,5.05
Van_Wyck,nyccas,2024-05-04T15:00:00,03:00 PM,5.14
Van_Wyck,nyccas,2024-05-04T16:00:00,04:00 PM,4.56
Van_Wyck,nyccas,2024-05-04T17:00:00,05:00 PM,4.61
Van_Wyck,nyccas,2024-05-04T18:00:00,06:00 PM,4.54
Van_Wyck,nyccas,2024-05-04T19:00:00,07:00 PM,4.51
Van_Wyck,nyccas,2024-05-04T20:00:00,08:00 PM,4.42
Van_Wyck,nyccas,2024-05-04T21:00:00,09:00 PM,4.56
Van_Wyck,nyccas,2024-05-04T22:00:00,10:00 PM,4.72
Van_Wyck,nyccas,2024-05-04T23:00:00,11:00 PM,5.06
Van_Wyck,nyccas,2024-05-05T00:00:00,12:00 AM,5.12
Van_Wyck,nyccas,2024-05-05T01:00:00,01:00 AM,4.94
Van_Wyck,nyccas,2024-05-05T02:00:00,02:00 AM,4.8
Van_Wyck,nyccas,2024-05-05T03:00:00,03:00 AM,4.79
Van_Wyck,nyccas,2024-05-05T04:00:00,04:00 AM,4.83
Van_Wyck,nyccas,2024-05-05T05:00:00,05:00 AM,5.49
Van_Wyck,nyccas,2024-05-05T06:00:00,06:00 AM,4.83
Van_Wyck,nyccas,2024-05-05T07:00:00,07:00 AM,4.75
Van_Wyck,nyccas,2024-05-05T08:00:00,08:00 AM,4.46
Van_Wyck,nyccas,2024-05-05T09:00:00,09:00 AM,5.23
Van_Wyck,nyccas,2024-05-05T10:00:00,10:00 AM,5.94
Van_Wyck,nyccas,2024-05-05T11:00:00,11:00 AM,5.8
Van_Wyck,nyccas,2024-05-05T12:00:00,12:00 PM,5.75
Van_Wyck,nyccas,2024-05-05T13:00:00,01:00 PM,6.37
Van_Wyck,nyccas,2024-05-05T14:00:00,02:00 PM,6.05
Van_Wyck,nyccas,2024-05-05T15:00:00,03:00 PM,4.76
Van_Wyck,nyccas,2024-05-05T16:00:00,04:00 PM,4.55
Van_Wyck,nyccas,2024-05-05T17:00:00,05:00 PM,4.73
Van_Wyck,nyccas,2024-05-05T18:00:00,06:00 PM,4.32
Van_Wyck,nyccas,2024-05-05T19:00:00,07:00 PM,4.25
Van_Wyck,nyccas,2024-05-05T20:00:00,08:00 PM,4.53
Van_Wyck,nyccas,2024-05-05T21:00:00,09:00 PM,5.51
Van_Wyck,nyccas,2024-05-05T22:00:00,10:00 PM,7.26
Van_Wyck,nyccas,2024-05-05T23:00:00,11:00 PM,10.68
Van_Wyck,nyccas,2024-05-06T00:00:00,12:00 AM,16.47
Van_Wyck,nyccas,2024-05-06T01:00:00,01:00 AM,13.25
Van_Wyck,nyccas,2024-05-06T02:00:00,02:00 AM,13.08
Van_Wyck,nyccas,2024-05-06T03:00:00,03:00 AM,14.03
Van_Wyck,nyccas,2024-05-06T04:00:00,04:00 AM,13.81
Van_Wyck,nyccas,2024-05-06T05:00:00,05:00 AM,10.68
Van_Wyck,nyccas,2024-05-06T06:00:00,06:00 AM,9.89
Van_Wyck,nyccas,2024-05-06T07:00:00,07:00 AM,9.98
Van_Wyck,nyccas,2024-05-06T08:00:00,08:00 AM,12.39
Van_Wyck,nyccas,2024-05-06T09:00:00,09:00 AM,16.24
Van_Wyck,nyccas,2024-05-06T10:00:00,10:00 AM,20.28
Van_Wyck,nyccas,2024-05-06T11:00:00,11:00 AM,22.37
Van_Wyck,nyccas,2024-05-06T12:00:00,12:00 PM,23.16
Van_Wyck,nyccas,2024-05-06T13:00:00,01:00 PM,22.36
Van_Wyck,nyccas,2024-05-06T14:00:00,02:00 PM,25.37
Van_Wyck,nyccas,2024-05-06T15:00:00,03:00 PM,25.7
Van_Wyck,nyccas,2024-05-06T16:00:00,04:00 PM,26.26
Van_Wyck,nyccas,2024-05-06T17:00:00,05:00 PM,19.64
Van_Wyck,nyccas,2024-05-06T18:00:00,06:00 PM,15.48
Van_Wyck,nyccas,2024-05-06T19:00:00,07:00 PM,10.73
Van_Wyck,nyccas,2024-05-06T20:00:00,08:00 PM,11.04
Van_Wyck,nyccas,2024-05-06T21:00:00,09:00 PM,13.78
Van_Wyck,nyccas,2024-05-06T22:00:00,10:00 PM,15.3
Van_Wyck,nyccas,2024-05-06T23:00:00,11:00 PM,16.23
Van_Wyck,nyccas,2024-05-07T00:00:00,12:00 AM,17.49
Van_Wyck,nyccas,2024-05-07T01:00:00,01:00 AM,18.52
Van_Wyck,nyccas,2024-05-07T02:00:00,02:00 AM,18.48
Van_Wyck,nyccas,2024-05-07T03:00:00,03:00 AM,19.11
Van_Wyck,nyccas,2024-05-07T04:00:00,04:00 AM,14.37
Van_Wyck,nyccas,2024-05-07T05:00:00,05:00 AM,8.67
Van_Wyck,nyccas,2024-05-07T06:00:00,06:00 AM,7.31
Van_Wyck,nyccas,2024-05-07T07:00:00,07:00 AM,6.61
Van_Wyck,nyccas,2024-05-07T08:00:00,08:00 AM,5.19
Van_Wyck,nyccas,2024-05-07T09:00:00,09:00 AM,4.94
Van_Wyck,nyccas,2024-05-07T10:00:00,10:00 AM,6.41
Van_Wyck,nyccas,2024-05-07T11:00:00,11:00 AM,7.17
Van_Wyck,nyccas,2024-05-07T12:00:00,12:00 PM,6.13
Van_Wyck,nyccas,2024-05-07T13:00:00,01:00 PM,7.18
Williamsburg_Bridge,nyccas,2024-04-29T15:00:00,03:00 PM,22.52
Williamsburg_Bridge,nyccas,2024-04-29T16:00:00,04:00 PM,19.69
Williamsburg_Bridge,nyccas,2024-04-29T17:00:00,05:00 PM,21.47
Williamsburg_Bridge,nyccas,2024-04-29T18:00:00,06:00 PM,20.24
Williamsburg_Bridge,nyccas,2024-04-29T19:00:00,07:00 PM,21.94
Williamsburg_Bridge,nyccas,2024-04-29T20:00:00,08:00 PM,26.2
Williamsburg_Bridge,nyccas,2024-04-29T21:00:00,09:00 PM,27.84
Williamsburg_Bridge,nyccas,2024-04-29T22:00:00,10:00 PM,29.29
Williamsburg_Bridge,nyccas,2024-04-29T23:00:00,11:00 PM,29.29
Williamsburg_Bridge,nyccas,2024-04-30T00:00:00,12:00 AM,31.24
Williamsburg_Bridge,nyccas,2024-04-30T01:00:00,01:00 AM,32.99
Williamsburg_Bridge,nyccas,2024-04-30T02:00:00,02:00 AM,31.17
Williamsburg_Bridge,nyccas,2024-04-30T03:00:00,03:00 AM,28.41
Williamsburg_Bridge,nyccas,2024-04-30T04:00:00,04:00 AM,25.69
Williamsburg_Bridge,nyccas,2024-04-30T05:00:00,05:00 AM,17.8
Williamsburg_Bridge,nyccas,2024-04-30T06:00:00,06:00 AM,18.6
Williamsburg_Bridge,nyccas,2024-04-30T07:00:00,07:00 AM,17.42
Williamsburg_Bridge,nyccas,2024-04-30T08:00:00,08:00 AM,19.41
Williamsburg_Bridge,nyccas,2024-04-30T09:00:00,09:00 AM,18.16
Williamsburg_Bridge,nyccas,2024-04-30T10:00:00,10:00 AM,22.33
Williamsburg_Bridge,nyccas,2024-04-30T11:00:00,11:00 AM,19.74
Williamsburg_Bridge,nyccas,2024-04-30T12:00:00,12:00 PM,17.48
Williamsburg_Bridge,nyccas,2024-04-30T13:00:00,01:00 PM,17.11
Williamsburg_Bridge,nyccas,2024-04-30T14:00:00,02:00 PM,17.86
Williamsburg_Bridge,nyccas,2024-04-30T15:00:00,03:00 PM,16.5
Williamsburg_Bridge,nyccas,2024-04-30T16:00:00,04:00 PM,14.87
Williamsburg_Bridge,nyccas,2024-04-30T17:00:00,05:00 PM,14.84
Williamsburg_Bridge,nyccas,2024-04-30T18:00:00,06:00 PM,14.33
Williamsburg_Bridge,nyccas,2024-04-30T19:00:00,07:00 PM,12.5
Williamsburg_Bridge,nyccas,2024-04-30T20:00:00,08:00 PM,11.07
Williamsburg_Bridge,nyccas,2024-04-30T21:00:00,09:00 PM,10.61
Williamsburg_Bridge,nyccas,2024-04-30T22:00:00,10:00 PM,11.19
Williamsburg_Bridge,nyccas,2024-04-30T23:00:00,11:00 PM,10.68
Williamsburg_Bridge,nyccas,2024-05-01T00:00:00,12:00 AM,11.11
Williamsburg_Bridge,nyccas,2024-05-01T01:00:00,01:00 AM,10.66
Williamsburg_Bridge,nyccas,2024-05-01T02:00:00,02:00 AM,11.16
Williamsburg_Bridge,nyccas,2024-05-01T03:00:00,03:00 AM,11.7
Williamsburg_Bridge,nyccas,2024-05-01T04:00:00,04:00 AM,11.21
Williamsburg_Bridge,nyccas,2024-05-01T05:00:00,05:00 AM,11.86
Williamsburg_Bridge,nyccas,2024-05-01T06:00:00,06:00 AM,13.23
Williamsburg_Bridge,nyccas,2024-05-01T07:00:00,07:00 AM,15.49
Williamsburg_Bridge,nyccas,2024-05-01T08:00:00,08:00 AM,21.37
Williamsburg_Bridge,nyccas,2024-05-01T09:00:00,09:00 AM,26.87
Williamsburg_Bridge,nyccas,2024-05-01T10:00:00,10:00 AM,32.06
Williamsburg_Bridge,nyccas,2024-05-01T11:00:00,11:00 AM,28.18
Williamsburg_Bridge,nyccas,2024-05-01T12:00:00,12:00 PM,19.63
Williamsburg_Bridge,nyccas,2024-05-01T13:00:00,01:00 PM,17.39
Williamsburg_Bridge,nyccas,2024-05-01T14:00:00,02:00 PM,16.88
Williamsburg_Bridge,nyccas,2024-05-01T15:00:00,03:00 PM,18.65
Williamsburg_Bridge,nyccas,2024-05-01T16:00:00,04:00 PM,17.93
Williamsburg_Bridge,nyccas,2024-05-01T17:00:00,05:00 PM,11.99
Williamsburg_Bridge,nyccas,2024-05-01T18:00:00,06:00 PM,10.25
Williamsburg_Bridge,nyccas,2024-05-01T19:00:00,07:00 PM,10.41
Williamsburg_Bridge,nyccas,2024-05-01T20:00:00,08:00 PM,10.81
Williamsburg_Bridge,nyccas,2024-05-01T21:00:00,09:00 PM,10.42
Williamsburg_Bridge,nyccas,2024-05-01T22:00:00,10:00 PM,11.55
Williamsburg_Bridge,nyccas,2024-05-01T23:00:00,11:00 PM,12.01
Williamsburg_Bridge,nyccas,2024-05-02T00:00:00,12:00 AM,11.46
Williamsburg_Bridge,nyccas,2024-05-02T01:00:00,01:00 AM,11.07
Williamsburg_Bridge,nyccas,2024-05-02T02:00:00,02:00 AM,8.55
Williamsburg_Bridge,nyccas,2024-05-02T03:00:00,03:00 AM,8.94
Williamsburg_Bridge,nyccas,2024-05-02T04:00:00,04:00 AM,9.85
Williamsburg_Bridge,nyccas,2024-05-02T05:00:00,05:00 AM,18.9
Williamsburg_Bridge,nyccas,2024-05-02T06:00:00,06:00 AM,12.85
Williamsburg_Bridge,nyccas,2024-05-02T07:00:00,07:00 AM,11.85
Williamsburg_Bridge,nyccas,2024-05-02T08:00:00,08:00 AM,13.77
Williamsburg_Bridge,nyccas,2024-05-02T09:00:00,09:00 AM,15.34
Williamsburg_Bridge,nyccas,2024-05-02T10:00:00,10:00 AM,21.71
Williamsburg_Bridge,nyccas,2024-05-02T11:00:00,11:00 AM,27.99
Williamsburg_Bridge,nyccas,2024-05-02T12:00:00,12:00 PM,25.8
Williamsburg_Bridge,nyccas,2024-05-02T13:00:00,01:00 PM,23.79
Williamsburg_Bridge,nyccas,2024-05-02T14:00:00,02:00 PM,20.85
Williamsburg_Bridge,nyccas,2024-05-02T15:00:00,03:00 PM,20.2
Williamsburg_Bridge,nyccas,2024-05-02T16:00:00,04:00 PM,19.23
Williamsburg_Bridge,nyccas,2024-05-02T17:00:00,05:00 PM,19.7
Williamsburg_Bridge,nyccas,2024-05-02T18:00:00,06:00 PM,19.92
Williamsburg_Bridge,nyccas,2024-05-02T19:00:00,07:00 PM,24.15
Williamsburg_Bridge,nyccas,2024-05-02T20:00:00,08:00 PM,24.9
Williamsburg_Bridge,nyccas,2024-05-02T21:00:00,09:00 PM,21.26
Williamsburg_Bridge,nyccas,2024-05-02T22:00:00,10:00 PM,17.82
Williamsburg_Bridge,nyccas,2024-05-02T23:00:00,11:00 PM,6.49
Williamsburg_Bridge,nyccas,2024-05-03T00:00:00,12:00 AM,6.54
Williamsburg_Bridge,nyccas,2024-05-03T01:00:00,01:00 AM,6.81
Williamsburg_Bridge,nyccas,2024-05-03T02:00:00,02:00 AM,8.72
Williamsburg_Bridge,nyccas,2024-05-03T03:00:00,03:00 AM,10.72
Williamsburg_Bridge,nyccas,2024-05-03T04:00:00,04:00 AM,11.4
Williamsburg_Bridge,nyccas,2024-05-03T05:00:00,05:00 AM,10.6
Williamsburg_Bridge,nyccas,2024-05-03T06:00:00,06:00 AM,10.69
Williamsburg_Bridge,nyccas,2024-05-03T07:00:00,07:00 AM,9.5
Williamsburg_Bridge,nyccas,2024-05-03T08:00:00,08:00 AM,9.24
Williamsburg_Bridge,nyccas,2024-05-03T09:00:00,09:00 AM,7.87
Williamsburg_Bridge,nyccas,2024-05-03T10:00:00,10:00 AM,7.76
Williamsburg_Bridge,nyccas,2024-05-03T11:00:00,11:00 AM,6.58
Williamsburg_Bridge,nyccas,2024-05-03T12:00:00,12:00 PM,7.94
Williamsburg_Bridge,nyccas,2024-05-03T13:00:00,01:00 PM,8.14
Williamsburg_Bridge,nyccas,2024-05-03T14:00:00,02:00 PM,7.42
Williamsburg_Bridge,nyccas,2024-05-03T15:00:00,03:00 PM,6.84
Williamsburg_Bridge,nyccas,2024-05-03T16:00:00,04:00 PM,6.2
Williamsburg_Bridge,nyccas,2024-05-03T17:00:00,05:00 PM,6.24
Williamsburg_Bridge,nyccas,2024-05-03T18:00:00,06:00 PM,6.25
Williamsburg_Bridge,nyccas,2024-05-03T19:00:00,07:00 PM,7.51
Williamsburg_Bridge,nyccas,2024-05-03T20:00:00,08:00 PM,7.71
Williamsburg_Bridge,nyccas,2024-05-03T21:00:00,09:00 PM,7.58
Williamsburg_Bridge,nyccas,2024-05-03T22:00:00,10:00 PM,7.86
Williamsburg_Bridge,nyccas,2024-05-03T23:00:00,11:00 PM,8.32
Williamsburg_Bridge,nyccas,2024-05-04T00:00:00,12:00 AM,8.24
Williamsburg_Bridge,nyccas,2024-05-04T01:00:00,01:00 AM,7.38
Williamsburg_Bridge,nyccas,2024-05-04T02:00:00,02:00 AM,7.27
Williamsburg_Bridge,nyccas,2024-05-04T03:00:00,03:00 AM,8.12
Williamsburg_Bridge,nyccas,2024-05-04T04:00:00,04:00 AM,7.14
Williamsburg_Bridge,nyccas,2024-05-04T05:00:00,05:00 AM,6.91
Williamsburg_Bridge,nyccas,2024-05-04T06:00:00,06:00 AM,6.7
Williamsburg_Bridge,nyccas,2024-05-04T07:00:00,07:00 AM,6.36
Williamsburg_Bridge,nyccas,2024-05-04T08:00:00,08:00 AM,6.66
Williamsburg_Bridge,nyccas,2024-05-04T09:00:00,09:00 AM,6.82
Williamsburg_Bridge,nyccas,2024-05-04T10:00:00,10:00 AM,7.09
Williamsburg_Bridge,nyccas,2024-05-04T11:00:00,11:00 AM,6.05
Williamsburg_Bridge,nyccas,2024-05-04T12:00:00,12:00 PM,5.77
Williamsburg_Bridge,nyccas,2024-05-04T13:00:00,01:00 PM,5.73
Williamsburg_Bridge,nyccas,2024-05-04T14:00:00,02:00 PM,5.61
Williamsburg_Bridge,nyccas,2024-05-04T15:00:00,03:00 PM,5.12
Williamsburg_Bridge,nyccas,2024-05-04T16:00:00,04:00 PM,5.01
Williamsburg_Bridge,nyccas,2024-05-04T17:00:00,05:00 PM,5.03
Williamsburg_Bridge,nyccas,2024-05-04T18:00:00,06:00 PM,4.87
Williamsburg_Bridge,nyccas,2024-05-04T19:00:00,07:00 PM,4.44
Williamsburg_Bridge,nyccas,2024-05-04T20:00:00,08:00 PM,5.14
Williamsburg_Bridge,nyccas,2024-05-04T21:00:00,09:00 PM,5.53
Williamsburg_Bridge,nyccas,2024-05-04T22:00:00,10:00 PM,5.97
Williamsburg_Bridge,nyccas,2024-05-04T23:00:00,11:00 PM,6.02
Williamsburg_Bridge,nyccas,2024-05-05T00:00:00,12:00 AM,6.31
Williamsburg_Bridge,nyccas,2024-05-05T01:00:00,01:00 AM,6.13
Williamsburg_Bridge,nyccas,2024-05-05T02:00:00,02:00 AM,5.81
Williamsburg_Bridge,nyccas,2024-05-05T03:00:00,03:00 AM,5.75
Williamsburg_Bridge,nyccas,2024-05-05T04:00:00,04:00 AM,5.68
Williamsburg_Bridge,nyccas,2024-05-05T05:00:00,05:00 AM,5.82
Williamsburg_Bridge,nyccas,2024-05-05T06:00:00,06:00 AM,7.11
Williamsburg_Bridge,nyccas,2024-05-05T07:00:00,07:00 AM,6
Williamsburg_Bridge,nyccas,2024-05-05T08:00:00,08:00 AM,5.92
Williamsburg_Bridge,nyccas,2024-05-05T09:00:00,09:00 AM,5.87
Williamsburg_Bridge,nyccas,2024-05-05T10:00:00,10:00 AM,6.52
Williamsburg_Bridge,nyccas,2024-05-05T11:00:00,11:00 AM,7.15
Williamsburg_Bridge,nyccas,2024-05-05T12:00:00,12:00 PM,7.19
Williamsburg_Bridge,nyccas,2024-05-05T13:00:00,01:00 PM,7.5
Williamsburg_Bridge,nyccas,2024-05-05T14:00:00,02:00 PM,7.4
Williamsburg_Bridge,nyccas,2024-05-05T15:00:00,03:00 PM,6.03
Williamsburg_Bridge,nyccas,2024-05-05T16:00:00,04:00 PM,4.64
Williamsburg_Bridge,nyccas,2024-05-05T17:00:00,05:00 PM,5.31
Williamsburg_Bridge,nyccas,2024-05-05T18:00:00,06:00 PM,5.32
Williamsburg_Bridge,nyccas,2024-05-05T19:00:00,07:00 PM,5.41
Williamsburg_Bridge,nyccas,2024-05-05T20:00:00,08:00 PM,6.12
Williamsburg_Bridge,nyccas,2024-05-05T21:00:00,09:00 PM,9.02
Williamsburg_Bridge,nyccas,2024-05-05T22:00:00,10:00 PM,15.23
Williamsburg_Bridge,nyccas,2024-05-05T23:00:00,11:00 PM,20.39
Williamsburg_Bridge,nyccas,2024-05-06T00:00:00,12:00 AM,21.3
Williamsburg_Bridge,nyccas,2024-05-06T01:00:00,01:00 AM,21.05
Williamsburg_Bridge,nyccas,2024-05-06T02:00:00,02:00 AM,16.61
Williamsburg_Bridge,nyccas,2024-05-06T03:00:00,03:00 AM,14.15
Williamsburg_Bridge,nyccas,2024-05-06T04:00:00,04:00 AM,16.92
Williamsburg_Bridge,nyccas,2024-05-06T05:00:00,05:00 AM,16.84
Williamsburg_Bridge,nyccas,2024-05-06T06:00:00,06:00 AM,19.6
Williamsburg_Bridge,nyccas,2024-05-06T07:00:00,07:00 AM,24.42
Williamsburg_Bridge,nyccas,2024-05-06T08:00:00,08:00 AM,31.49
Williamsburg_Bridge,nyccas,2024-05-06T09:00:00,09:00 AM,34.72
Williamsburg_Bridge,nyccas,2024-05-06T10:00:00,10:00 AM,37.69
Williamsburg_Bridge,nyccas,2024-05-06T11:00:00,11:00 AM,41.06
Williamsburg_Bridge,nyccas,2024-05-06T12:00:00,12:00 PM,36.7
Williamsburg_Bridge,nyccas,2024-05-06T13:00:00,01:00 PM,41.16
Williamsburg_Bridge,nyccas,2024-05-06T14:00:00,02:00 PM,40.53
Williamsburg_Bridge,nyccas,2024-05-06T15:00:00,03:00 PM,36.6
Williamsburg_Bridge,nyccas,2024-05-06T16:00:00,04:00 PM,28.56
Williamsburg_Bridge,nyccas,2024-05-06T17:00:00,05:00 PM,24.92
Williamsburg_Bridge,nyccas,2024-05-06T18:00:00,06:00 PM,22.94
Williamsburg_Bridge,nyccas,2024-05-06T19:00:00,07:00 PM,19.13
Williamsburg_Bridge,nyccas,2024-05-06T20:00:00,08:00 PM,19.75
Williamsburg_Bridge,nyccas,2024-05-06T21:00:00,09:00 PM,16.02
Williamsburg_Bridge,nyccas,2024-05-06T22:00:00,10:00 PM,15.63
Williamsburg_Bridge,nyccas,2024-05-06T23:00:00,11:00 PM,15.64
Williamsburg_Bridge,nyccas,2024-05-07T00:00:00,12:00 AM,17.93
Williamsburg_Bridge,nyccas,2024-05-07T01:00:00,01:00 AM,17.96
Williamsburg_Bridge,nyccas,2024-05-07T02:00:00,02:00 AM,18.37
Williamsburg_Bridge,nyccas,2024-05-07T03:00:00,03:00 AM,18.07
Williamsburg_Bridge,nyccas,2024-05-07T04:00:00,04:00 AM,13.01
Williamsburg_Bridge,nyccas,2024-05-07T05:00:00,05:00 AM,8.87
Williamsburg_Bridge,nyccas,2024-05-07T06:00:00,06:00 AM,9.11
Williamsburg_Bridge,nyccas,2024-05-07T07:00:00,07:00 AM,8.72
Williamsburg_Bridge,nyccas,2024-05-07T08:00:00,08:00 AM,7.57
Williamsburg_Bridge,nyccas,2024-05-07T09:00:00,09:00 AM,7.91
Williamsburg_Bridge,nyccas,2024-05-07T10:00:00,10:00 AM,9.79
Williamsburg_Bridge,nyccas,2024-05-07T11:00:00,11:00 AM,9.04
Williamsburg_Bridge,nyccas,2024-05-07T12:00:00,12:00 PM,8.13
Williamsburg_Bridge,nyccas,2024-05-07T13:00:00,01:00 PM,8.35